UniversityID,FacultyID,Degree,DegreeID,AcademicLevelID,AmbitID,Academic Year
f9f0a05fbac13ce20a2af52247c2b93f,43342d8761b05d4e4f644f5ce364c7cd,Arquitectura Técnica,d7c633f6fe0e63a604182148c0732dd0,d6d85d89b4612501521435bd3f620a9a,0957ac6a7296b4e6ef4d4e8d25691025,2023-2024
f9f0a05fbac13ce20a2af52247c2b93f,43342d8761b05d4e4f644f5ce364c7cd,Ingeniería Agroalimentaria y del Medio Rural,814d1bd73c7c69af1059ed899d6d3339,d6d85d89b4612501521435bd3f620a9a,0957ac6a7296b4e6ef4d4e8d25691025,2023-2024
f9f0a05fbac13ce20a2af52247c2b93f,43342d8761b05d4e4f644f5ce364c7cd,Ingeniería Civil,7901cf7ce1a6dd26739f63e1e65c40b2,d6d85d89b4612501521435bd3f620a9a,0957ac6a7296b4e6ef4d4e8d25691025,2023-2024
f9f0a05fbac13ce20a2af52247c2b93f,43342d8761b05d4e4f644f5ce364c7cd,Ingeniería de la Salud,fac6e80078e9fcd178dd96f3798fb625,d6d85d89b4612501521435bd3f620a9a,0957ac6a7296b4e6ef4d4e8d25691025,2023-2024
f9f0a05fbac13ce20a2af52247c2b93f,43342d8761b05d4e4f644f5ce364c7cd,Ingeniería de Organización Industrial,cfe6b10de25b9368f89f9ec7a848ae23,d6d85d89b4612501521435bd3f620a9a,0957ac6a7296b4e6ef4d4e8d25691025,2023-2024
f9f0a05fbac13ce20a2af52247c2b93f,43342d8761b05d4e4f644f5ce364c7cd,Ingeniería Electrónica Industrial y Automática,012343a9925c5d7d90cd9e5ac9446c8c,d6d85d89b4612501521435bd3f620a9a,0957ac6a7296b4e6ef4d4e8d25691025,2023-2024
f9f0a05fbac13ce20a2af52247c2b93f,43342d8761b05d4e4f644f5ce364c7cd,Ingeniería Informática,74c1fadbd79d8a0b2194141c438179e8,d6d85d89b4612501521435bd3f620a9a,0957ac6a7296b4e6ef4d4e8d25691025,2023-2024
f9f0a05fbac13ce20a2af52247c2b93f,43342d8761b05d4e4f644f5ce364c7cd,Ingeniería Mecánica,cbe919f99b7485f7d660180d658f9c71,d6d85d89b4612501521435bd3f620a9a,0957ac6a7296b4e6ef4d4e8d25691025,2023-2024
f9f0a05fbac13ce20a2af52247c2b93f,43342d8761b05d4e4f644f5ce364c7cd,PCEO Ingeniería Agroalimentaria y del Medio Rural/Ingeniería de Organización Industrial,4f66c43021a182470c243cfd32aaad99,d6d85d89b4612501521435bd3f620a9a,0957ac6a7296b4e6ef4d4e8d25691025,2023-2024
f9f0a05fbac13ce20a2af52247c2b93f,43342d8761b05d4e4f644f5ce364c7cd,PCEO Ingeniería Civil/Arquitectura Técnica,caeea8c24932821a8a4a88a5a60118ac,d6d85d89b4612501521435bd3f620a9a,0957ac6a7296b4e6ef4d4e8d25691025,2023-2024
f9f0a05fbac13ce20a2af52247c2b93f,43342d8761b05d4e4f644f5ce364c7cd,PCEO Ingeniería Mecánica y Ingeniería Electrónica Industrial y Automática,3e41b18732c288cc4a0fbc07f00c6699,d6d85d89b4612501521435bd3f620a9a,0957ac6a7296b4e6ef4d4e8d25691025,2023-2024
f9f0a05fbac13ce20a2af52247c2b93f,5aa89c7c58e1f19101c5e8cc03b23372,Ciencia y Tecnología de los Alimentos,47c367d9466595c005782479136e6a51,d6d85d89b4612501521435bd3f620a9a,afc4b5d3b7e78e8fb66cf859c95aaefe,2023-2024
f9f0a05fbac13ce20a2af52247c2b93f,5aa89c7c58e1f19101c5e8cc03b23372,Química,c08ade1865d705c4f0299b189b38ba81,d6d85d89b4612501521435bd3f620a9a,cca488c1d5d31aa9a4c4356b47f75ebd,2023-2024
f9f0a05fbac13ce20a2af52247c2b93f,f921a09e12f17ed6eeff834c0547457c,Enfermería,6fb84f86210ecfc0bb67ec4aafa47d86,d6d85d89b4612501521435bd3f620a9a,afc4b5d3b7e78e8fb66cf859c95aaefe,2023-2024
f9f0a05fbac13ce20a2af52247c2b93f,f921a09e12f17ed6eeff834c0547457c,Psicología,3f5adfe73711d81b5b07464249ebf151,d6d85d89b4612501521435bd3f620a9a,afc4b5d3b7e78e8fb66cf859c95aaefe,2023-2024
f9f0a05fbac13ce20a2af52247c2b93f,f921a09e12f17ed6eeff834c0547457c,Terapia Ocupacional,90baafdc33891d16dc4a23f719e2b29b,d6d85d89b4612501521435bd3f620a9a,afc4b5d3b7e78e8fb66cf859c95aaefe,2023-2024
f9f0a05fbac13ce20a2af52247c2b93f,e1093a1e338895b3aa7cc9fa53069d23,Administración y Dirección de Empresas,23ac883debd3f27afc3740979639ef84,d6d85d89b4612501521435bd3f620a9a,03b7c4d6f22bd8efa1659d8e6a06d97e,2023-2024
f9f0a05fbac13ce20a2af52247c2b93f,e1093a1e338895b3aa7cc9fa53069d23,Finanzas y Contabilidad,cb51252670d6c0947c594dd91b1253e1,d6d85d89b4612501521435bd3f620a9a,03b7c4d6f22bd8efa1659d8e6a06d97e,2023-2024
f9f0a05fbac13ce20a2af52247c2b93f,e1093a1e338895b3aa7cc9fa53069d23,Turismo,10ebcef2143544faf2e628bec39e4ca9,d6d85d89b4612501521435bd3f620a9a,03b7c4d6f22bd8efa1659d8e6a06d97e,2023-2024
f9f0a05fbac13ce20a2af52247c2b93f,98f394722d47c37452079e3e4377547a,Ciencia Política y Gestión Pública,c1d0e034d53f90b547eb614b3a940588,d6d85d89b4612501521435bd3f620a9a,03b7c4d6f22bd8efa1659d8e6a06d97e,2023-2024
f9f0a05fbac13ce20a2af52247c2b93f,98f394722d47c37452079e3e4377547a,Derecho,298216e1583e113d7a59e03a9e88bf08,d6d85d89b4612501521435bd3f620a9a,03b7c4d6f22bd8efa1659d8e6a06d97e,2023-2024
f9f0a05fbac13ce20a2af52247c2b93f,98f394722d47c37452079e3e4377547a,Relaciones Laborales y Recursos Humanos,cf274276628e8275bb52a2b889ee478f,d6d85d89b4612501521435bd3f620a9a,03b7c4d6f22bd8efa1659d8e6a06d97e,2023-2024
f9f0a05fbac13ce20a2af52247c2b93f,98f394722d47c37452079e3e4377547a,PCEO Derecho y Administración y Dirección de Empresas,fdad01d3c8eb42734455d33f4eb53daf,d6d85d89b4612501521435bd3f620a9a,03b7c4d6f22bd8efa1659d8e6a06d97e,2023-2024
f9f0a05fbac13ce20a2af52247c2b93f,98f394722d47c37452079e3e4377547a,PCEO Derecho y Ciencia Política y Gestión Pública,b4496399ce8303aa15977655e49edf21,d6d85d89b4612501521435bd3f620a9a,03b7c4d6f22bd8efa1659d8e6a06d97e,2023-2024
f9f0a05fbac13ce20a2af52247c2b93f,fe8ea443c7900681952215f533745654,Educación Social,47211fc88d0ce3384e16c915063a3259,d6d85d89b4612501521435bd3f620a9a,03b7c4d6f22bd8efa1659d8e6a06d97e,2023-2024
f9f0a05fbac13ce20a2af52247c2b93f,fe8ea443c7900681952215f533745654,Maestro de Educación Infantil,992d05f38094fb93743e86da7b795976,d6d85d89b4612501521435bd3f620a9a,03b7c4d6f22bd8efa1659d8e6a06d97e,2023-2024
f9f0a05fbac13ce20a2af52247c2b93f,fe8ea443c7900681952215f533745654,Maestro de Educación Primaria,66acab33e405982ab05feadb03b991f2,d6d85d89b4612501521435bd3f620a9a,03b7c4d6f22bd8efa1659d8e6a06d97e,2023-2024
f9f0a05fbac13ce20a2af52247c2b93f,fe8ea443c7900681952215f533745654,Pedagogía,9616a4bb7211f00a3268eefa56dcecc3,d6d85d89b4612501521435bd3f620a9a,03b7c4d6f22bd8efa1659d8e6a06d97e,2023-2024
f9f0a05fbac13ce20a2af52247c2b93f,31ae09155e08904a62b953a3476bd843,Comunicación Audiovisual,067b0f56f40c16e212b0328c9a83f7ef,d6d85d89b4612501521435bd3f620a9a,03b7c4d6f22bd8efa1659d8e6a06d97e,2023-2024
f9f0a05fbac13ce20a2af52247c2b93f,31ae09155e08904a62b953a3476bd843,Diseño de Videojuegos,d17b1a432a4cbba2a466f1646fd2472c,d6d85d89b4612501521435bd3f620a9a,03b7c4d6f22bd8efa1659d8e6a06d97e,2023-2024
f9f0a05fbac13ce20a2af52247c2b93f,31ae09155e08904a62b953a3476bd843,Español: Lengua y Literatura,888f79581bf30292d2586c0bec7a5ecc,d6d85d89b4612501521435bd3f620a9a,72ceb55b13672d5fdbac7ce07f1e85a8,2023-2024
f9f0a05fbac13ce20a2af52247c2b93f,31ae09155e08904a62b953a3476bd843,Historia y Patrimonio,628de1c7a1cb494d85178a960e4c2dca,d6d85d89b4612501521435bd3f620a9a,72ceb55b13672d5fdbac7ce07f1e85a8,2023-2024
f9f0a05fbac13ce20a2af52247c2b93f,43342d8761b05d4e4f644f5ce364c7cd,Ingeniería de Empresa Digital,3d6454609e71dcf9bcc34489bec2c9b5,d6d85d89b4612501521435bd3f620a9a,0957ac6a7296b4e6ef4d4e8d25691025,2023-2024
c8b4be930789e86c8d8b17d773af6d7e,19379b73b3b7ab8db4d1b3b0b92c4e3f,Ingeniería Agraria,7370d50778a45b36001e7febfde005b0,d6d85d89b4612501521435bd3f620a9a,0957ac6a7296b4e6ef4d4e8d25691025,2023-2024
c8b4be930789e86c8d8b17d773af6d7e,ddca0f084c851a01517835d5bd122ecf,Ingeniería Aeroespacial,d1b69d00e3e997d0210a5a3ddb78dcfe,d6d85d89b4612501521435bd3f620a9a,0957ac6a7296b4e6ef4d4e8d25691025,2023-2024
c8b4be930789e86c8d8b17d773af6d7e,ddca0f084c851a01517835d5bd122ecf,Ingeniería de Datos e Inteligencia Artificial,a839182f33d5553e338a32ce99c8757a,d6d85d89b4612501521435bd3f620a9a,0957ac6a7296b4e6ef4d4e8d25691025,2023-2024
c8b4be930789e86c8d8b17d773af6d7e,ddca0f084c851a01517835d5bd122ecf,Ingeniería Eléctrica,95bcf9755e97556e351930922d622953,d6d85d89b4612501521435bd3f620a9a,0957ac6a7296b4e6ef4d4e8d25691025,2023-2024
c8b4be930789e86c8d8b17d773af6d7e,ddca0f084c851a01517835d5bd122ecf,Ingeniería en Electrónica Industrial y Automática,a6ec67f2d163c04213cc829817939113,d6d85d89b4612501521435bd3f620a9a,0957ac6a7296b4e6ef4d4e8d25691025,2023-2024
c8b4be930789e86c8d8b17d773af6d7e,ddca0f084c851a01517835d5bd122ecf,Ingeniería Informática,b347273ed4a59af173806ef290b37b2f,d6d85d89b4612501521435bd3f620a9a,0957ac6a7296b4e6ef4d4e8d25691025,2023-2024
c8b4be930789e86c8d8b17d773af6d7e,ddca0f084c851a01517835d5bd122ecf,Ingeniería Mecánica,945daec1b320bfee1090b2e9b106d14f,d6d85d89b4612501521435bd3f620a9a,0957ac6a7296b4e6ef4d4e8d25691025,2023-2024
c8b4be930789e86c8d8b17d773af6d7e,9952fa217aab3225a9450c1dd24ff66b,Ingeniería de la Energía,c166c92468cbf8a0e3c732c4dd118612,d6d85d89b4612501521435bd3f620a9a,0957ac6a7296b4e6ef4d4e8d25691025,2023-2024
c8b4be930789e86c8d8b17d773af6d7e,9952fa217aab3225a9450c1dd24ff66b,Ingeniería Minera,8c678b8ff045d0246f84c72e208664e3,d6d85d89b4612501521435bd3f620a9a,0957ac6a7296b4e6ef4d4e8d25691025,2023-2024
c8b4be930789e86c8d8b17d773af6d7e,9952fa217aab3225a9450c1dd24ff66b,PCEO Ingeniería Eléctrica y Ingeniería de la Energía,afd65d2b5ffce1fc77dea1eac30b5a44,d6d85d89b4612501521435bd3f620a9a,0957ac6a7296b4e6ef4d4e8d25691025,2023-2024
c8b4be930789e86c8d8b17d773af6d7e,9952fa217aab3225a9450c1dd24ff66b,PCEO Ingeniería Minera y Ingeniería de la Energía,a32a2bdcfe2787abc391a8b03280ca44,d6d85d89b4612501521435bd3f620a9a,0957ac6a7296b4e6ef4d4e8d25691025,2023-2024
c8b4be930789e86c8d8b17d773af6d7e,47bb3a3a9d09115de1b4c1b4cd407db0,Trabajo Social,f0a1deb6592bc3d33990988e7fef523b,d6d85d89b4612501521435bd3f620a9a,03b7c4d6f22bd8efa1659d8e6a06d97e,2023-2024
c8b4be930789e86c8d8b17d773af6d7e,fe2fbde5936b071cd86eec32718c53be,Biología,6be35a2ebe29561a474849806d7cadd4,d6d85d89b4612501521435bd3f620a9a,cca488c1d5d31aa9a4c4356b47f75ebd,2023-2024
c8b4be930789e86c8d8b17d773af6d7e,fe2fbde5936b071cd86eec32718c53be,Biotecnología,1f2e159298f3d0d817ec3caac858bb73,d6d85d89b4612501521435bd3f620a9a,cca488c1d5d31aa9a4c4356b47f75ebd,2023-2024
c8b4be930789e86c8d8b17d773af6d7e,fe2fbde5936b071cd86eec32718c53be,Ciencias Ambientales,69b003d6f1b5f650fcbde2daa581fe8c,d6d85d89b4612501521435bd3f620a9a,cca488c1d5d31aa9a4c4356b47f75ebd,2023-2024
c8b4be930789e86c8d8b17d773af6d7e,fe2fbde5936b071cd86eec32718c53be,PCEO Ingeniería Forestal y del Medio Natural y Grado Ciencias Ambientales,8b7a06f87169f364eb654ed25d4eb14d,d6d85d89b4612501521435bd3f620a9a,cca488c1d5d31aa9a4c4356b47f75ebd,2023-2024
c8b4be930789e86c8d8b17d773af6d7e,010a719fb876dabd413a8cdcd2521d8e,Ciencias de la Actividad Física y del Deporte,7b426485a80628d6a96184ed8b424435,d6d85d89b4612501521435bd3f620a9a,03b7c4d6f22bd8efa1659d8e6a06d97e,2023-2024
c8b4be930789e86c8d8b17d773af6d7e,48d729a2d82d7dfa63a093f960271a46,Enfermería,c569db23bc1d77b9118be7aa073d24ab,d6d85d89b4612501521435bd3f620a9a,afc4b5d3b7e78e8fb66cf859c95aaefe,2023-2024
c8b4be930789e86c8d8b17d773af6d7e,49f1becb705172968ad7b5dfb966b9e6,Relaciones Laborales y Recursos Humanos,9cc3b88a0e412cd3edddbef7bca59d05,d6d85d89b4612501521435bd3f620a9a,03b7c4d6f22bd8efa1659d8e6a06d97e,2023-2024
c8b4be930789e86c8d8b17d773af6d7e,61484ca2077ed5641c3471001a312e8f,Administración y Dirección de Empresas,56d6af26dd9bad2fb889081e3a03ba5d,d6d85d89b4612501521435bd3f620a9a,03b7c4d6f22bd8efa1659d8e6a06d97e,2023-2024
c8b4be930789e86c8d8b17d773af6d7e,61484ca2077ed5641c3471001a312e8f,Comercio Internacional,7bc2e0e395f4a764d9a1a2d3d3896e28,d6d85d89b4612501521435bd3f620a9a,03b7c4d6f22bd8efa1659d8e6a06d97e,2023-2024
c8b4be930789e86c8d8b17d773af6d7e,61484ca2077ed5641c3471001a312e8f,Economía,7dd9cfc4d91369b5acd5d4af54417f65,d6d85d89b4612501521435bd3f620a9a,03b7c4d6f22bd8efa1659d8e6a06d97e,2023-2024
c8b4be930789e86c8d8b17d773af6d7e,61484ca2077ed5641c3471001a312e8f,Finanzas,4ab2e0f4d6c07b682dabfbdcbd03da02,d6d85d89b4612501521435bd3f620a9a,03b7c4d6f22bd8efa1659d8e6a06d97e,2023-2024
c8b4be930789e86c8d8b17d773af6d7e,61484ca2077ed5641c3471001a312e8f,Marketing e Investigación de Mercados,fb66addd91c8563ba5fa6f4b97c5b990,d6d85d89b4612501521435bd3f620a9a,03b7c4d6f22bd8efa1659d8e6a06d97e,2023-2024
c8b4be930789e86c8d8b17d773af6d7e,61484ca2077ed5641c3471001a312e8f,Turismo,e4a1e0d4fd871338237283a809125503,d6d85d89b4612501521435bd3f620a9a,03b7c4d6f22bd8efa1659d8e6a06d97e,2023-2024
c8b4be930789e86c8d8b17d773af6d7e,d4a0fc7db565bf0347c3c31da46a6ba6,Derecho,770b2ef87a225bdd0b28e4df4bcc6ece,d6d85d89b4612501521435bd3f620a9a,03b7c4d6f22bd8efa1659d8e6a06d97e,2023-2024
c8b4be930789e86c8d8b17d773af6d7e,d4a0fc7db565bf0347c3c31da46a6ba6,PCEO Derecho y Administración y Dirección de Empresas,eca61abb3b4d568075484f9af6b85438,d6d85d89b4612501521435bd3f620a9a,03b7c4d6f22bd8efa1659d8e6a06d97e,2023-2024
c8b4be930789e86c8d8b17d773af6d7e,8d318407c4596aa8e2c7af34b1adf9f5,Educación Infantil,1e4e2be831543c5e97c12e242d22d9bd,d6d85d89b4612501521435bd3f620a9a,03b7c4d6f22bd8efa1659d8e6a06d97e,2023-2024
c8b4be930789e86c8d8b17d773af6d7e,8d318407c4596aa8e2c7af34b1adf9f5,Educación Primaria,90fca4fc30a18ecc0aa1a44dab29deed,d6d85d89b4612501521435bd3f620a9a,03b7c4d6f22bd8efa1659d8e6a06d97e,2023-2024
c8b4be930789e86c8d8b17d773af6d7e,8d318407c4596aa8e2c7af34b1adf9f5,Educación Social,007d6e1ef120f2385a0304b8bfcf7f3a,d6d85d89b4612501521435bd3f620a9a,03b7c4d6f22bd8efa1659d8e6a06d97e,2023-2024
c8b4be930789e86c8d8b17d773af6d7e,193c5d38f0565f9a97c3ca11208a2e49,"Filología Moderna, Inglés",be97e70f1dd29f44c68ede44d35aa2f9,d6d85d89b4612501521435bd3f620a9a,72ceb55b13672d5fdbac7ce07f1e85a8,2023-2024
c8b4be930789e86c8d8b17d773af6d7e,193c5d38f0565f9a97c3ca11208a2e49,Geografía y Ordenación del Territorio,b509374062a9f5573470e0f7bcfa53a7,d6d85d89b4612501521435bd3f620a9a,72ceb55b13672d5fdbac7ce07f1e85a8,2023-2024
c8b4be930789e86c8d8b17d773af6d7e,193c5d38f0565f9a97c3ca11208a2e49,Historia,c4684ae58f2fcb3a8d744d2b5caa6221,d6d85d89b4612501521435bd3f620a9a,72ceb55b13672d5fdbac7ce07f1e85a8,2023-2024
c8b4be930789e86c8d8b17d773af6d7e,193c5d38f0565f9a97c3ca11208a2e49,Historia del Arte,b2b69486d698dc751269e0d06ca7aea5,d6d85d89b4612501521435bd3f620a9a,72ceb55b13672d5fdbac7ce07f1e85a8,2023-2024
c8b4be930789e86c8d8b17d773af6d7e,193c5d38f0565f9a97c3ca11208a2e49,Información y Documentación,9f8c1a50592cc172e61a5d9a8089ae86,d6d85d89b4612501521435bd3f620a9a,03b7c4d6f22bd8efa1659d8e6a06d97e,2023-2024
c8b4be930789e86c8d8b17d773af6d7e,193c5d38f0565f9a97c3ca11208a2e49,Lengua Española y su Literatura,7becb9316da56e07afea7dfde989e31d,d6d85d89b4612501521435bd3f620a9a,72ceb55b13672d5fdbac7ce07f1e85a8,2023-2024
c8b4be930789e86c8d8b17d773af6d7e,193c5d38f0565f9a97c3ca11208a2e49,PCEO Historia y Historia del Arte,2ce31b094a1e3d3db75b16c92f5b9102,d6d85d89b4612501521435bd3f620a9a,72ceb55b13672d5fdbac7ce07f1e85a8,2023-2024
c8b4be930789e86c8d8b17d773af6d7e,826864c3f9cf213b2dfb13d2eb7010c1,Ciencia y Tecnología de los Alimentos,045ff3af8160b019e1a1c30ffab210ba,d6d85d89b4612501521435bd3f620a9a,cca488c1d5d31aa9a4c4356b47f75ebd,2023-2024
c8b4be930789e86c8d8b17d773af6d7e,826864c3f9cf213b2dfb13d2eb7010c1,Veterinaria,4c3ac3acae06b127f1a4e97ad8815e16,d6d85d89b4612501521435bd3f620a9a,afc4b5d3b7e78e8fb66cf859c95aaefe,2023-2024
c8b4be930789e86c8d8b17d773af6d7e,19379b73b3b7ab8db4d1b3b0b92c4e3f,Ingeniería Forestal y del Medio Natural,25fec21fa1029e0dc79fca1e5f26b3ee,d6d85d89b4612501521435bd3f620a9a,0957ac6a7296b4e6ef4d4e8d25691025,2023-2024
c8b4be930789e86c8d8b17d773af6d7e,9952fa217aab3225a9450c1dd24ff66b,Ingeniería en Geomática y Topografía,e3d18ea8b7df2c70a85388f3879825e7,d6d85d89b4612501521435bd3f620a9a,0957ac6a7296b4e6ef4d4e8d25691025,2023-2024
c8b4be930789e86c8d8b17d773af6d7e,48d729a2d82d7dfa63a093f960271a46,Nutrición Humana y Dietética,f87c9ce47eebe680e2b6b9c18ae531b0,d6d85d89b4612501521435bd3f620a9a,afc4b5d3b7e78e8fb66cf859c95aaefe,2023-2024
c8b4be930789e86c8d8b17d773af6d7e,48d729a2d82d7dfa63a093f960271a46,Enfermería,c569db23bc1d77b9118be7aa073d24ab,d6d85d89b4612501521435bd3f620a9a,afc4b5d3b7e78e8fb66cf859c95aaefe,2023-2024
c8b4be930789e86c8d8b17d773af6d7e,48d729a2d82d7dfa63a093f960271a46,Fisioterapia,67c25f454b13cfa0e74442ee9fcb5e03,d6d85d89b4612501521435bd3f620a9a,afc4b5d3b7e78e8fb66cf859c95aaefe,2023-2024
c8b4be930789e86c8d8b17d773af6d7e,48d729a2d82d7dfa63a093f960271a46,Podología,1f06ce1bb77757ae38a94d5fb3b5f23f,d6d85d89b4612501521435bd3f620a9a,afc4b5d3b7e78e8fb66cf859c95aaefe,2023-2024
51dcd00716a08519e65a732cb87c3b71,12ca7a59a88ed75e4a1a78c60ef11dba,Estudios Policiales,95eb184ef36cfad15934b6e8b2fc43e5,d6d85d89b4612501521435bd3f620a9a,03b7c4d6f22bd8efa1659d8e6a06d97e,2023-2024
51dcd00716a08519e65a732cb87c3b71,d041033ef410d0bf92f124356606f599,Ingeniería Civil,08b99dce63cbe81207d28830b9f259d8,d6d85d89b4612501521435bd3f620a9a,0957ac6a7296b4e6ef4d4e8d25691025,2023-2024
51dcd00716a08519e65a732cb87c3b71,d041033ef410d0bf92f124356606f599,Ingeniería de la Energía y Recursos Minerales,ecdc524817b59432e893fcb5ee0f249f,d6d85d89b4612501521435bd3f620a9a,0957ac6a7296b4e6ef4d4e8d25691025,2023-2024
51dcd00716a08519e65a732cb87c3b71,d041033ef410d0bf92f124356606f599,Ingeniería en Geoinformación y Geomática,350393718b1a2d25b98c5522cf61ca56,d6d85d89b4612501521435bd3f620a9a,0957ac6a7296b4e6ef4d4e8d25691025,2023-2024
51dcd00716a08519e65a732cb87c3b71,d041033ef410d0bf92f124356606f599,Seguridad,ba614f272610b1e107ac2176a25ddb2e,d6d85d89b4612501521435bd3f620a9a,03b7c4d6f22bd8efa1659d8e6a06d97e,2023-2024
51dcd00716a08519e65a732cb87c3b71,d041033ef410d0bf92f124356606f599,PCEO Ingeniería Civil y Ingeniería de la Energía y Recursos Minerales,13e2613d13c90dcfb2ec70294c714e8f,d6d85d89b4612501521435bd3f620a9a,0957ac6a7296b4e6ef4d4e8d25691025,2023-2024
51dcd00716a08519e65a732cb87c3b71,dcd7aba401c7dc4879a5c8628a85635a,Gestión del Turismo,85a4f7c23fab88f2f98eccf263c6decf,d6d85d89b4612501521435bd3f620a9a,03b7c4d6f22bd8efa1659d8e6a06d97e,2023-2024
51dcd00716a08519e65a732cb87c3b71,dcd7aba401c7dc4879a5c8628a85635a,Maestro en Educación Infantil,5ffe61cacb8cf7ccd5d7daf7721f6ca7,d6d85d89b4612501521435bd3f620a9a,03b7c4d6f22bd8efa1659d8e6a06d97e,2023-2024
51dcd00716a08519e65a732cb87c3b71,dcd7aba401c7dc4879a5c8628a85635a,Maestro en Educación Primaria,dc2f8fc44d0dc044d57c144bfc3e6bb8,d6d85d89b4612501521435bd3f620a9a,03b7c4d6f22bd8efa1659d8e6a06d97e,2023-2024
51dcd00716a08519e65a732cb87c3b71,dcd7aba401c7dc4879a5c8628a85635a,PCEO Gestión de Turismo y Gestión de Pequeñas y Medianas Empresas,f2cc1b56b84f35f69700f921fefd0c53,d6d85d89b4612501521435bd3f620a9a,03b7c4d6f22bd8efa1659d8e6a06d97e,2023-2024
51dcd00716a08519e65a732cb87c3b71,dcd7aba401c7dc4879a5c8628a85635a,PCEO Maestro en Educación Infantil y Maestro en Educación Primaria,724f161950ad55a4939e8a5481e85f9a,d6d85d89b4612501521435bd3f620a9a,03b7c4d6f22bd8efa1659d8e6a06d97e,2023-2024
51dcd00716a08519e65a732cb87c3b71,e63f0c07b952cdb2548981ddf60fa34e,Enfermería,0c9659971419e88db4c0ae01af6587c7,d6d85d89b4612501521435bd3f620a9a,afc4b5d3b7e78e8fb66cf859c95aaefe,2023-2024
51dcd00716a08519e65a732cb87c3b71,b09cc60ffab6c1b501bd6be27c9fc593,Ingeniería Eléctrica,65014db29bf003c72fd77c8642423e1b,d6d85d89b4612501521435bd3f620a9a,0957ac6a7296b4e6ef4d4e8d25691025,2023-2024
51dcd00716a08519e65a732cb87c3b71,b09cc60ffab6c1b501bd6be27c9fc593,Ingeniería Electrónica Industrial y Automática,00094d1974700e275c0ffed461c7be52,d6d85d89b4612501521435bd3f620a9a,0957ac6a7296b4e6ef4d4e8d25691025,2023-2024
51dcd00716a08519e65a732cb87c3b71,b09cc60ffab6c1b501bd6be27c9fc593,Ingeniería Mecánica,92734f72eb1e427b54733e0a5f3fdae5,d6d85d89b4612501521435bd3f620a9a,0957ac6a7296b4e6ef4d4e8d25691025,2023-2024
51dcd00716a08519e65a732cb87c3b71,b09cc60ffab6c1b501bd6be27c9fc593,PCEO Ingeniería Eléctrica y Ingeniería Electrónica Industrial y Automática,afb8c9e6943577267acce3f76c4d4a2f,d6d85d89b4612501521435bd3f620a9a,0957ac6a7296b4e6ef4d4e8d25691025,2023-2024
51dcd00716a08519e65a732cb87c3b71,b09cc60ffab6c1b501bd6be27c9fc593,PCEO Ingeniería Eléctrica y Ingeniería Mecánica,1c2267798ce5f5ecb30f173520600009,d6d85d89b4612501521435bd3f620a9a,0957ac6a7296b4e6ef4d4e8d25691025,2023-2024
51dcd00716a08519e65a732cb87c3b71,b09cc60ffab6c1b501bd6be27c9fc593,PCEO Ingeniería Mecánica y Ingeniería Electrónica Industrial y Automática,1aa23874bdde3694d57a17792e946c2d,d6d85d89b4612501521435bd3f620a9a,0957ac6a7296b4e6ef4d4e8d25691025,2023-2024
51dcd00716a08519e65a732cb87c3b71,da5f17f56f91db0d2ceec1ae7ab979f5,Piloto de Aviación Comercial y Operaciones Aéreas,d993f667e4d29aaf3a143903a50d1987,d6d85d89b4612501521435bd3f620a9a,0957ac6a7296b4e6ef4d4e8d25691025,2023-2024
51dcd00716a08519e65a732cb87c3b71,85c7cf4d3a8616439a36a15f716bb6ff,Bellas Artes,316c8ec8abfc14372841a0aec8820dc9,d6d85d89b4612501521435bd3f620a9a,72ceb55b13672d5fdbac7ce07f1e85a8,2023-2024
51dcd00716a08519e65a732cb87c3b71,09975c2d372ec3198a55f6a065c3a205,Biología,071828997a550dc391fc7b19103a1b72,d6d85d89b4612501521435bd3f620a9a,cca488c1d5d31aa9a4c4356b47f75ebd,2023-2024
51dcd00716a08519e65a732cb87c3b71,09975c2d372ec3198a55f6a065c3a205,Biotecnología,0f54cad0f2f45fabc7209e43c948a079,d6d85d89b4612501521435bd3f620a9a,cca488c1d5d31aa9a4c4356b47f75ebd,2023-2024
51dcd00716a08519e65a732cb87c3b71,09975c2d372ec3198a55f6a065c3a205,PCEO Biotecnología y Farmacia,a36744ff54403c6f8d550a2459fe1a54,d6d85d89b4612501521435bd3f620a9a,cca488c1d5d31aa9a4c4356b47f75ebd,2023-2024
51dcd00716a08519e65a732cb87c3b71,a1849df95c0c502b7375204caa728d77,Estadística,a2be5360c6084f3dc3f3b8c9bf5e152d,d6d85d89b4612501521435bd3f620a9a,cca488c1d5d31aa9a4c4356b47f75ebd,2023-2024
51dcd00716a08519e65a732cb87c3b71,a1849df95c0c502b7375204caa728d77,Física,de982187f5cc388460a2143c1f02d729,d6d85d89b4612501521435bd3f620a9a,cca488c1d5d31aa9a4c4356b47f75ebd,2023-2024
51dcd00716a08519e65a732cb87c3b71,a1849df95c0c502b7375204caa728d77,Geología,ebb7f267020b993d6ef06ecb481e566d,d6d85d89b4612501521435bd3f620a9a,cca488c1d5d31aa9a4c4356b47f75ebd,2023-2024
51dcd00716a08519e65a732cb87c3b71,a1849df95c0c502b7375204caa728d77,Ingeniería Geológica,f96ac1b5e99d701e4a30617b58bb91a8,d6d85d89b4612501521435bd3f620a9a,0957ac6a7296b4e6ef4d4e8d25691025,2023-2024
51dcd00716a08519e65a732cb87c3b71,a1849df95c0c502b7375204caa728d77,Ingeniería Informática,c21f8102c7be688ebdc891f2ae7f5b60,d6d85d89b4612501521435bd3f620a9a,0957ac6a7296b4e6ef4d4e8d25691025,2023-2024
51dcd00716a08519e65a732cb87c3b71,a1849df95c0c502b7375204caa728d77,Matemáticas,5bfd41a1a773a9e135437fc047bdb614,d6d85d89b4612501521435bd3f620a9a,cca488c1d5d31aa9a4c4356b47f75ebd,2023-2024
51dcd00716a08519e65a732cb87c3b71,a1849df95c0c502b7375204caa728d77,PCEO Estadística y Ingeniería Informática,e13b5d4bf95c7d6362e90aaa006bf789,d6d85d89b4612501521435bd3f620a9a,cca488c1d5d31aa9a4c4356b47f75ebd,2023-2024
51dcd00716a08519e65a732cb87c3b71,a1849df95c0c502b7375204caa728d77,PCEO Física y Matemáticas,e924fb485f2c35da1ab034b3b0f3c609,d6d85d89b4612501521435bd3f620a9a,cca488c1d5d31aa9a4c4356b47f75ebd,2023-2024
51dcd00716a08519e65a732cb87c3b71,3bfd3c13054fe54f01dd772dc5cadbcb,Ciencias Ambientales,de7661ebcfebf92b72870738c0da36c5,d6d85d89b4612501521435bd3f620a9a,cca488c1d5d31aa9a4c4356b47f75ebd,2023-2024
51dcd00716a08519e65a732cb87c3b71,3bfd3c13054fe54f01dd772dc5cadbcb,Ingeniería Agrícola,717e783a854536573cdd780cf766c07e,d6d85d89b4612501521435bd3f620a9a,0957ac6a7296b4e6ef4d4e8d25691025,2023-2024
51dcd00716a08519e65a732cb87c3b71,95c6e6249b07a4f2c6b5e4bbddd65332,Ingeniería Química,28ca8eecdd60c8dc675ef3437c55d750,d6d85d89b4612501521435bd3f620a9a,0957ac6a7296b4e6ef4d4e8d25691025,2023-2024
51dcd00716a08519e65a732cb87c3b71,95c6e6249b07a4f2c6b5e4bbddd65332,Química,7ea90879dec7b4383584c305a182daaf,d6d85d89b4612501521435bd3f620a9a,cca488c1d5d31aa9a4c4356b47f75ebd,2023-2024
51dcd00716a08519e65a732cb87c3b71,6f1fd12a3e77e002f3966f645dafb14a,Antropología,359b49f74fe10bceff7c3dfc12351adb,d6d85d89b4612501521435bd3f620a9a,03b7c4d6f22bd8efa1659d8e6a06d97e,2023-2024
51dcd00716a08519e65a732cb87c3b71,6f1fd12a3e77e002f3966f645dafb14a,Comunicación y Creación Audiovisual,834398a84f46fb8518f5100caf0f40d1,d6d85d89b4612501521435bd3f620a9a,03b7c4d6f22bd8efa1659d8e6a06d97e,2023-2024
51dcd00716a08519e65a732cb87c3b71,6f1fd12a3e77e002f3966f645dafb14a,Relaciones Laborales y Recursos Humanos,d62e4605ea78b4f3ae8327bfc2275982,d6d85d89b4612501521435bd3f620a9a,03b7c4d6f22bd8efa1659d8e6a06d97e,2023-2024
51dcd00716a08519e65a732cb87c3b71,6f1fd12a3e77e002f3966f645dafb14a,Sociología,ce97a22695579b11f0e8f83e04fe7f55,d6d85d89b4612501521435bd3f620a9a,03b7c4d6f22bd8efa1659d8e6a06d97e,2023-2024
51dcd00716a08519e65a732cb87c3b71,6f1fd12a3e77e002f3966f645dafb14a,Trabajo Social,c20378b44f8288dbc1e8adf6c74f5142,d6d85d89b4612501521435bd3f620a9a,03b7c4d6f22bd8efa1659d8e6a06d97e,2023-2024
51dcd00716a08519e65a732cb87c3b71,6f1fd12a3e77e002f3966f645dafb14a,PCEO Antropología y Filosofía,090eb052adc9aeb039243a2201066dc6,d6d85d89b4612501521435bd3f620a9a,03b7c4d6f22bd8efa1659d8e6a06d97e,2023-2024
51dcd00716a08519e65a732cb87c3b71,6f1fd12a3e77e002f3966f645dafb14a,PCEO Sociología y Ciencia Política y Administración  Pública,31c105e19383e720bf2ca4e9bacd79d5,d6d85d89b4612501521435bd3f620a9a,03b7c4d6f22bd8efa1659d8e6a06d97e,2023-2024
51dcd00716a08519e65a732cb87c3b71,20ceb88f79dfc21dddd297776048cd33,Ciencia Política y Administración Pública,9928bdb1b90f5ce08899364de9673a3b,d6d85d89b4612501521435bd3f620a9a,03b7c4d6f22bd8efa1659d8e6a06d97e,2023-2024
51dcd00716a08519e65a732cb87c3b71,20ceb88f79dfc21dddd297776048cd33,Criminología,de7de6acf63036ce8ff518fef5a14657,d6d85d89b4612501521435bd3f620a9a,03b7c4d6f22bd8efa1659d8e6a06d97e,2023-2024
51dcd00716a08519e65a732cb87c3b71,20ceb88f79dfc21dddd297776048cd33,Derecho,320e2308480c75123ff58a13c2e77a0c,d6d85d89b4612501521435bd3f620a9a,03b7c4d6f22bd8efa1659d8e6a06d97e,2023-2024
51dcd00716a08519e65a732cb87c3b71,20ceb88f79dfc21dddd297776048cd33,Estudios Globales / Global Studies,558359c20e2934ad05262135746abe57,d6d85d89b4612501521435bd3f620a9a,03b7c4d6f22bd8efa1659d8e6a06d97e,2023-2024
51dcd00716a08519e65a732cb87c3b71,20ceb88f79dfc21dddd297776048cd33,PCEO Derecho y Ciencia Política y Administración Pública,086b36fef9044f88064039da09eb36ff,d6d85d89b4612501521435bd3f620a9a,03b7c4d6f22bd8efa1659d8e6a06d97e,2023-2024
51dcd00716a08519e65a732cb87c3b71,20ceb88f79dfc21dddd297776048cd33,PCEO Derecho y Criminología,fd16017cc47f829d3dc88ec48801e1f4,d6d85d89b4612501521435bd3f620a9a,03b7c4d6f22bd8efa1659d8e6a06d97e,2023-2024
51dcd00716a08519e65a732cb87c3b71,0514b2c2384475c33f18e17f5a34a28e,Administración y Dirección de Empresas,462e597d1fbf6cb639832112a67a8055,d6d85d89b4612501521435bd3f620a9a,03b7c4d6f22bd8efa1659d8e6a06d97e,2023-2024
51dcd00716a08519e65a732cb87c3b71,0514b2c2384475c33f18e17f5a34a28e,Economía,5980124dc66f30d7e8fe7f74b335071b,d6d85d89b4612501521435bd3f620a9a,03b7c4d6f22bd8efa1659d8e6a06d97e,2023-2024
51dcd00716a08519e65a732cb87c3b71,0514b2c2384475c33f18e17f5a34a28e,Gestión de Pequeñas y Medianas Empresas,0162f5293f642374e3fa38fdc00707fe,d6d85d89b4612501521435bd3f620a9a,03b7c4d6f22bd8efa1659d8e6a06d97e,2023-2024
51dcd00716a08519e65a732cb87c3b71,0514b2c2384475c33f18e17f5a34a28e,PCEO Administración y Dirección de Empresas y Derecho,e4b0df23d2e6a4ba7c49c6f881a8562c,d6d85d89b4612501521435bd3f620a9a,03b7c4d6f22bd8efa1659d8e6a06d97e,2023-2024
51dcd00716a08519e65a732cb87c3b71,0514b2c2384475c33f18e17f5a34a28e,PCEO Administración y Dirección de Empresas y Ingeniería Informática,4d7e3a794cbbdeb9341723a46d04a11a,d6d85d89b4612501521435bd3f620a9a,03b7c4d6f22bd8efa1659d8e6a06d97e,2023-2024
51dcd00716a08519e65a732cb87c3b71,0514b2c2384475c33f18e17f5a34a28e,PCEO Administración y Dirección de Empresas y Traducción e Interpretación,5ea8ccd531232efc3cf7794860591621,d6d85d89b4612501521435bd3f620a9a,03b7c4d6f22bd8efa1659d8e6a06d97e,2023-2024
51dcd00716a08519e65a732cb87c3b71,0514b2c2384475c33f18e17f5a34a28e,PCEO Gestión de Pequeñas y Medianas Empresas y Relaciones Laborales y Recursos Humanos,6fa73c6dd57267a597c2e0e98369e22d,d6d85d89b4612501521435bd3f620a9a,03b7c4d6f22bd8efa1659d8e6a06d97e,2023-2024
51dcd00716a08519e65a732cb87c3b71,ed5cd854cc9ef4200b9a255c582b262b,Educación Social,fd1b3d1972d98ec36ac4cb324ae9e5f2,d6d85d89b4612501521435bd3f620a9a,03b7c4d6f22bd8efa1659d8e6a06d97e,2023-2024
51dcd00716a08519e65a732cb87c3b71,ed5cd854cc9ef4200b9a255c582b262b,Maestro en Educación Infantil,5ffe61cacb8cf7ccd5d7daf7721f6ca7,d6d85d89b4612501521435bd3f620a9a,03b7c4d6f22bd8efa1659d8e6a06d97e,2023-2024
51dcd00716a08519e65a732cb87c3b71,ed5cd854cc9ef4200b9a255c582b262b,Maestro en Educación Primaria,dc2f8fc44d0dc044d57c144bfc3e6bb8,d6d85d89b4612501521435bd3f620a9a,03b7c4d6f22bd8efa1659d8e6a06d97e,2023-2024
51dcd00716a08519e65a732cb87c3b71,ed5cd854cc9ef4200b9a255c582b262b,Pedagogía,dcf20aaf06cef0ab9f71adf025763e06,d6d85d89b4612501521435bd3f620a9a,03b7c4d6f22bd8efa1659d8e6a06d97e,2023-2024
51dcd00716a08519e65a732cb87c3b71,ed5cd854cc9ef4200b9a255c582b262b,PCEO Maestro en Educación Infantil y Maestro en Educación Primaria,724f161950ad55a4939e8a5481e85f9a,d6d85d89b4612501521435bd3f620a9a,03b7c4d6f22bd8efa1659d8e6a06d97e,2023-2024
51dcd00716a08519e65a732cb87c3b71,af9148acb034809ec6579eb9971acdbf,Enfermería,0c9659971419e88db4c0ae01af6587c7,d6d85d89b4612501521435bd3f620a9a,afc4b5d3b7e78e8fb66cf859c95aaefe,2023-2024
51dcd00716a08519e65a732cb87c3b71,af9148acb034809ec6579eb9971acdbf,Fisioterapia,20f27d43fafbe66227ad64a6c6775148,d6d85d89b4612501521435bd3f620a9a,afc4b5d3b7e78e8fb66cf859c95aaefe,2023-2024
51dcd00716a08519e65a732cb87c3b71,8986862b928dd0b281889942854a3cbe,Farmacia,998176ef8086578270ccd1ae783f3d2b,d6d85d89b4612501521435bd3f620a9a,afc4b5d3b7e78e8fb66cf859c95aaefe,2023-2024
51dcd00716a08519e65a732cb87c3b71,8986862b928dd0b281889942854a3cbe,PCEO Farmacia y Gestión de Pequeñas y Medianas Empresas,b49c27e7a5e5855be828e49923551ec8,d6d85d89b4612501521435bd3f620a9a,afc4b5d3b7e78e8fb66cf859c95aaefe,2023-2024
51dcd00716a08519e65a732cb87c3b71,8be98f813e5c23545ee97fc26563fe60,Estudios Alemanes,eda211875383570bfa46c2baf63d8c06,d6d85d89b4612501521435bd3f620a9a,72ceb55b13672d5fdbac7ce07f1e85a8,2023-2024
51dcd00716a08519e65a732cb87c3b71,8be98f813e5c23545ee97fc26563fe60,Estudios Árabes e Islámicos,417b4ddd79a55a9f57bea9f6ea629944,d6d85d89b4612501521435bd3f620a9a,72ceb55b13672d5fdbac7ce07f1e85a8,2023-2024
51dcd00716a08519e65a732cb87c3b71,8be98f813e5c23545ee97fc26563fe60,Estudios de Asia Oriental,32d2b65d172a30c02b2488d2b54638f4,d6d85d89b4612501521435bd3f620a9a,72ceb55b13672d5fdbac7ce07f1e85a8,2023-2024
51dcd00716a08519e65a732cb87c3b71,8be98f813e5c23545ee97fc26563fe60,Estudios Franceses,7c9fdc937019e6417b2f89648f2e9e67,d6d85d89b4612501521435bd3f620a9a,72ceb55b13672d5fdbac7ce07f1e85a8,2023-2024
51dcd00716a08519e65a732cb87c3b71,8be98f813e5c23545ee97fc26563fe60,Estudios Hebreos y Arameos,bae3781ed4086957ba358398ba38583a,d6d85d89b4612501521435bd3f620a9a,72ceb55b13672d5fdbac7ce07f1e85a8,2023-2024
51dcd00716a08519e65a732cb87c3b71,8be98f813e5c23545ee97fc26563fe60,Estudios Ingleses,aa65ea074e0750b788831bca194e43db,d6d85d89b4612501521435bd3f620a9a,72ceb55b13672d5fdbac7ce07f1e85a8,2023-2024
51dcd00716a08519e65a732cb87c3b71,8be98f813e5c23545ee97fc26563fe60,Estudios Italianos,d5b8925fa2b04db1b60d2be089409244,d6d85d89b4612501521435bd3f620a9a,72ceb55b13672d5fdbac7ce07f1e85a8,2023-2024
51dcd00716a08519e65a732cb87c3b71,8be98f813e5c23545ee97fc26563fe60,Estudios Portugueses y Brasileños,1a4f1b4ecfc93b15567b915219b0c4aa,d6d85d89b4612501521435bd3f620a9a,72ceb55b13672d5fdbac7ce07f1e85a8,2023-2024
51dcd00716a08519e65a732cb87c3b71,8be98f813e5c23545ee97fc26563fe60,Filología Clásica,3f819166d9b171acb9e771584ae6f2e1,d6d85d89b4612501521435bd3f620a9a,72ceb55b13672d5fdbac7ce07f1e85a8,2023-2024
51dcd00716a08519e65a732cb87c3b71,8be98f813e5c23545ee97fc26563fe60,Filología Hispánica,d70bda8c663c37e4bed3745385292999,d6d85d89b4612501521435bd3f620a9a,72ceb55b13672d5fdbac7ce07f1e85a8,2023-2024
51dcd00716a08519e65a732cb87c3b71,8be98f813e5c23545ee97fc26563fe60,"Lenguas, Literaturas y Culturas Románicas",a5ad1abe2fe8a9e241c6349864d6f3b0,d6d85d89b4612501521435bd3f620a9a,72ceb55b13672d5fdbac7ce07f1e85a8,2023-2024
51dcd00716a08519e65a732cb87c3b71,8e888203488460cdd6b05cc549af38af,Filosofía,cf3131d93feb09a291bde4ba75464113,d6d85d89b4612501521435bd3f620a9a,72ceb55b13672d5fdbac7ce07f1e85a8,2023-2024
51dcd00716a08519e65a732cb87c3b71,1547076cf3f907a87ff796fb6de28439,Geografía,6f5add6b845063d50d5e077e06079bef,d6d85d89b4612501521435bd3f620a9a,72ceb55b13672d5fdbac7ce07f1e85a8,2023-2024
51dcd00716a08519e65a732cb87c3b71,1547076cf3f907a87ff796fb6de28439,Historia,0eb40b543d3eef0ddd3deef88fd76fa0,d6d85d89b4612501521435bd3f620a9a,72ceb55b13672d5fdbac7ce07f1e85a8,2023-2024
51dcd00716a08519e65a732cb87c3b71,1547076cf3f907a87ff796fb6de28439,Historia del Arte,b08cef1380d36974437b30794389c7da,d6d85d89b4612501521435bd3f620a9a,72ceb55b13672d5fdbac7ce07f1e85a8,2023-2024
51dcd00716a08519e65a732cb87c3b71,1547076cf3f907a87ff796fb6de28439,Historia y Ciencias de la Música,38fa28a7a82c27b9d1d78b8744af4767,d6d85d89b4612501521435bd3f620a9a,72ceb55b13672d5fdbac7ce07f1e85a8,2023-2024
51dcd00716a08519e65a732cb87c3b71,1547076cf3f907a87ff796fb6de28439,Humanidades,1cac5d7ab4eafc1c9716cf01c6d03dfb,d6d85d89b4612501521435bd3f620a9a,72ceb55b13672d5fdbac7ce07f1e85a8,2023-2024
51dcd00716a08519e65a732cb87c3b71,667199033383e345f66d924e153f7608,Medicina,26e401d90774eded14f79f28c86f7d51,d6d85d89b4612501521435bd3f620a9a,afc4b5d3b7e78e8fb66cf859c95aaefe,2023-2024
51dcd00716a08519e65a732cb87c3b71,667199033383e345f66d924e153f7608,Odontología,3b1d8db48d4939e1db91fe38268c0d55,d6d85d89b4612501521435bd3f620a9a,afc4b5d3b7e78e8fb66cf859c95aaefe,2023-2024
51dcd00716a08519e65a732cb87c3b71,c53569948d193612ae9699e741d74ef2,Psicología,b83d2a6d83a0ebd115fc1e0822564141,d6d85d89b4612501521435bd3f620a9a,afc4b5d3b7e78e8fb66cf859c95aaefe,2023-2024
51dcd00716a08519e65a732cb87c3b71,c53569948d193612ae9699e741d74ef2,Terapia Ocupacional,48a9aae495c2ca4f2d3398d0686cc994,d6d85d89b4612501521435bd3f620a9a,afc4b5d3b7e78e8fb66cf859c95aaefe,2023-2024
51dcd00716a08519e65a732cb87c3b71,62bb2b4ced5c6b99a3889d691506c75b,Información y Documentación,336b1b7b503732716deea8dbe63e1ceb,d6d85d89b4612501521435bd3f620a9a,03b7c4d6f22bd8efa1659d8e6a06d97e,2023-2024
51dcd00716a08519e65a732cb87c3b71,62bb2b4ced5c6b99a3889d691506c75b,Traducción e Interpretación,f4090830c6dfe4184db53501241e9881,d6d85d89b4612501521435bd3f620a9a,72ceb55b13672d5fdbac7ce07f1e85a8,2023-2024
51dcd00716a08519e65a732cb87c3b71,62bb2b4ced5c6b99a3889d691506c75b,PCEO Educación Social y Información y Documentación,111d4f3d601bd994f6c365c935336203,d6d85d89b4612501521435bd3f620a9a,03b7c4d6f22bd8efa1659d8e6a06d97e,2023-2024
51dcd00716a08519e65a732cb87c3b71,62bb2b4ced5c6b99a3889d691506c75b,PCEO Información y Documentación y Ciencia Política y Administración Pública,0c93e14ea09b650fc33ed02d1c7b8cac,d6d85d89b4612501521435bd3f620a9a,03b7c4d6f22bd8efa1659d8e6a06d97e,2023-2024
51dcd00716a08519e65a732cb87c3b71,62bb2b4ced5c6b99a3889d691506c75b,PCEO Información y Documentación y Historia,af2ab7a1664d6cb56d2df21898937494,d6d85d89b4612501521435bd3f620a9a,03b7c4d6f22bd8efa1659d8e6a06d97e,2023-2024
51dcd00716a08519e65a732cb87c3b71,62bb2b4ced5c6b99a3889d691506c75b,PCEO Pedagogía y Información y Documentación,c2f8c4a89b9a68051a91e9f4c3a383a0,d6d85d89b4612501521435bd3f620a9a,03b7c4d6f22bd8efa1659d8e6a06d97e,2023-2024
51dcd00716a08519e65a732cb87c3b71,62bb2b4ced5c6b99a3889d691506c75b,PCEO Traducción e Interpretación y Derecho,a27473718d0449f8edf443c5fea8ae15,d6d85d89b4612501521435bd3f620a9a,72ceb55b13672d5fdbac7ce07f1e85a8,2023-2024
51dcd00716a08519e65a732cb87c3b71,c240b7563ffee4e24e404bf6d71e4f75,Arquitectura Técnica,edf34a0e9007eac99a8e7ce06f1a56a4,d6d85d89b4612501521435bd3f620a9a,0957ac6a7296b4e6ef4d4e8d25691025,2023-2024
51dcd00716a08519e65a732cb87c3b71,c240b7563ffee4e24e404bf6d71e4f75,Desarrollo de Aplicaciones 3D Interactivas y Videojuegos,27f73bc7449f36d4c1b113611ec6dc9e,d6d85d89b4612501521435bd3f620a9a,0957ac6a7296b4e6ef4d4e8d25691025,2023-2024
51dcd00716a08519e65a732cb87c3b71,c240b7563ffee4e24e404bf6d71e4f75,Ingeniería Agroalimentaria,fd9be6ef1e4bf6a657a97261a6114b2e,d6d85d89b4612501521435bd3f620a9a,0957ac6a7296b4e6ef4d4e8d25691025,2023-2024
51dcd00716a08519e65a732cb87c3b71,c240b7563ffee4e24e404bf6d71e4f75,Ingeniería Civil,08b99dce63cbe81207d28830b9f259d8,d6d85d89b4612501521435bd3f620a9a,0957ac6a7296b4e6ef4d4e8d25691025,2023-2024
51dcd00716a08519e65a732cb87c3b71,c240b7563ffee4e24e404bf6d71e4f75,Ingeniería de Materiales,ac0b986e9e9b73858fc7c30cb86693e3,d6d85d89b4612501521435bd3f620a9a,0957ac6a7296b4e6ef4d4e8d25691025,2023-2024
51dcd00716a08519e65a732cb87c3b71,c240b7563ffee4e24e404bf6d71e4f75,Ingeniería Informática en Sistemas de Información,bff9c79cdd46869e716d32b5ec4a6a63,d6d85d89b4612501521435bd3f620a9a,0957ac6a7296b4e6ef4d4e8d25691025,2023-2024
51dcd00716a08519e65a732cb87c3b71,c240b7563ffee4e24e404bf6d71e4f75,Ingeniería Mecánica,92734f72eb1e427b54733e0a5f3fdae5,d6d85d89b4612501521435bd3f620a9a,0957ac6a7296b4e6ef4d4e8d25691025,2023-2024
51dcd00716a08519e65a732cb87c3b71,c240b7563ffee4e24e404bf6d71e4f75,PCEO Ingeniería de Materiales y Ingeniería Mecánica,57c34628f4e2c43be3e1e7e92c48dc71,d6d85d89b4612501521435bd3f620a9a,0957ac6a7296b4e6ef4d4e8d25691025,2023-2024
51dcd00716a08519e65a732cb87c3b71,c240b7563ffee4e24e404bf6d71e4f75,PCEO Ingeniería Informática de Sistemas de Información y Información y Documentación,ce9b0bd81440d662cc96fd877bcd0a1c,d6d85d89b4612501521435bd3f620a9a,0957ac6a7296b4e6ef4d4e8d25691025,2023-2024
51dcd00716a08519e65a732cb87c3b71,c81ffdc31c5cda5406af9998bf51002c,Enfermería,0c9659971419e88db4c0ae01af6587c7,d6d85d89b4612501521435bd3f620a9a,afc4b5d3b7e78e8fb66cf859c95aaefe,2023-2024
51dcd00716a08519e65a732cb87c3b71,04899fbc8f3d8799cb62ae7d3c1bfd97,Maestro en Educación Infantil,5ffe61cacb8cf7ccd5d7daf7721f6ca7,d6d85d89b4612501521435bd3f620a9a,03b7c4d6f22bd8efa1659d8e6a06d97e,2023-2024
51dcd00716a08519e65a732cb87c3b71,04899fbc8f3d8799cb62ae7d3c1bfd97,Maestro en Educación Primaria,dc2f8fc44d0dc044d57c144bfc3e6bb8,d6d85d89b4612501521435bd3f620a9a,03b7c4d6f22bd8efa1659d8e6a06d97e,2023-2024
51dcd00716a08519e65a732cb87c3b71,04899fbc8f3d8799cb62ae7d3c1bfd97,PCEO Maestro en Educación Infantil y Maestro en Educación Primaria,724f161950ad55a4939e8a5481e85f9a,d6d85d89b4612501521435bd3f620a9a,03b7c4d6f22bd8efa1659d8e6a06d97e,2023-2024
51dcd00716a08519e65a732cb87c3b71,b693052e3fdc7cf3e502b113a7b22c82,Relaciones Laborales y Recursos Humanos,d62e4605ea78b4f3ae8327bfc2275982,d6d85d89b4612501521435bd3f620a9a,03b7c4d6f22bd8efa1659d8e6a06d97e,2023-2024
92c081b3e4299316155ea45962241086,fa97a8ea7278fa8686b8e6c6736860f0,Enología,8fd6724206d49e270df79add90ecc5c9,d6d85d89b4612501521435bd3f620a9a,cca488c1d5d31aa9a4c4356b47f75ebd,2023-2024
92c081b3e4299316155ea45962241086,fa97a8ea7278fa8686b8e6c6736860f0,Ingeniería Agrícola y del Medio Rural,f1ddac27ff887114cff7fedb6a2ac17f,d6d85d89b4612501521435bd3f620a9a,0957ac6a7296b4e6ef4d4e8d25691025,2023-2024
92c081b3e4299316155ea45962241086,fa97a8ea7278fa8686b8e6c6736860f0,Ingeniería de las Industrias Agrarias y Alimentarias,0eb2bd70ad563cf7956ee2d6b1533ec4,d6d85d89b4612501521435bd3f620a9a,0957ac6a7296b4e6ef4d4e8d25691025,2023-2024
92c081b3e4299316155ea45962241086,fa97a8ea7278fa8686b8e6c6736860f0,Ingeniería Forestal y del Medio Natural,025eac41d292572794f911b0065e2964,d6d85d89b4612501521435bd3f620a9a,0957ac6a7296b4e6ef4d4e8d25691025,2023-2024
92c081b3e4299316155ea45962241086,fa97a8ea7278fa8686b8e6c6736860f0,PCEO Ingeniería Agrícola y del Medio Rural y Ingeniería de las Industrias Agrarias y Alimentarias,a77287e77e45b039dc0c3a8d5037ede5,d6d85d89b4612501521435bd3f620a9a,0957ac6a7296b4e6ef4d4e8d25691025,2023-2024
92c081b3e4299316155ea45962241086,fa97a8ea7278fa8686b8e6c6736860f0,PCEO Ingeniería Agrícola y del Medio Rural y Ingeniería Forestal y del Medio Natural,67e217a7b48c6baccb412d59e9c649d3,d6d85d89b4612501521435bd3f620a9a,0957ac6a7296b4e6ef4d4e8d25691025,2023-2024
92c081b3e4299316155ea45962241086,fa97a8ea7278fa8686b8e6c6736860f0,PCEO Ingeniería de las Industrias Agrarias y Alimentarias y Enología,629e30106776b58efb91f2fc2434bbff,d6d85d89b4612501521435bd3f620a9a,0957ac6a7296b4e6ef4d4e8d25691025,2023-2024
92c081b3e4299316155ea45962241086,f58aecfd5d821b9678eb5a7448b28e8e,Enfermería,1907a42ebc7e50ab5b87f2b1dd625d2e,d6d85d89b4612501521435bd3f620a9a,afc4b5d3b7e78e8fb66cf859c95aaefe,2023-2024
92c081b3e4299316155ea45962241086,37ed05782e1e8c35310b0f7db5977ef3,Relaciones Laborales y Recursos Humanos,19617310b7fcd93beda5f1bcd384ff0b,d6d85d89b4612501521435bd3f620a9a,03b7c4d6f22bd8efa1659d8e6a06d97e,2023-2024
92c081b3e4299316155ea45962241086,b6659d48fcabcfaf5be32a61923f391e,Antropología Social y Cultural,23737f3916e4933b5916213eac866fe7,d6d85d89b4612501521435bd3f620a9a,03b7c4d6f22bd8efa1659d8e6a06d97e,2023-2024
92c081b3e4299316155ea45962241086,b6659d48fcabcfaf5be32a61923f391e,Educación Infantil,a7f522c3e91a158d9408cb5cef9451c7,d6d85d89b4612501521435bd3f620a9a,03b7c4d6f22bd8efa1659d8e6a06d97e,2023-2024
92c081b3e4299316155ea45962241086,b6659d48fcabcfaf5be32a61923f391e,Educación Primaria,cb900d1231ce52c4909694ed1cf6d066,d6d85d89b4612501521435bd3f620a9a,03b7c4d6f22bd8efa1659d8e6a06d97e,2023-2024
92c081b3e4299316155ea45962241086,b6659d48fcabcfaf5be32a61923f391e,Educación Social,7201b182d36b02599d207fcce8b60597,d6d85d89b4612501521435bd3f620a9a,03b7c4d6f22bd8efa1659d8e6a06d97e,2023-2024
92c081b3e4299316155ea45962241086,b6659d48fcabcfaf5be32a61923f391e,PCEO Educación Primaria y Educación Infantil,b825aca4901e3483c4c5a6a2cd8c4064,d6d85d89b4612501521435bd3f620a9a,03b7c4d6f22bd8efa1659d8e6a06d97e,2023-2024
92c081b3e4299316155ea45962241086,810d5ca3e71c60c2835746272d0f8aab,Ingeniería Informática de Servicios y Aplicaciones,aaae7da672fadd4000ff3037d8071642,d6d85d89b4612501521435bd3f620a9a,0957ac6a7296b4e6ef4d4e8d25691025,2023-2024
92c081b3e4299316155ea45962241086,810d5ca3e71c60c2835746272d0f8aab,PCEO Matemáticas y Ingeniería Informática de Servicios y Aplicaciones,b75dc9268d569c7a1c46d37049284196,d6d85d89b4612501521435bd3f620a9a,0957ac6a7296b4e6ef4d4e8d25691025,2023-2024
92c081b3e4299316155ea45962241086,385523125b48d8f03dae99a8ca77c0c1,Administración y Dirección de Empresas,84fde5bfa75e9c26c8e24afaadf98e93,d6d85d89b4612501521435bd3f620a9a,03b7c4d6f22bd8efa1659d8e6a06d97e,2023-2024
92c081b3e4299316155ea45962241086,385523125b48d8f03dae99a8ca77c0c1,Derecho,a3a3464314e68a0f29b5e6314ebaa690,d6d85d89b4612501521435bd3f620a9a,03b7c4d6f22bd8efa1659d8e6a06d97e,2023-2024
92c081b3e4299316155ea45962241086,385523125b48d8f03dae99a8ca77c0c1,Publicidad y Relaciones Públicas,2ab5ec0a1f770ab9251689f2c7cb628e,d6d85d89b4612501521435bd3f620a9a,03b7c4d6f22bd8efa1659d8e6a06d97e,2023-2024
92c081b3e4299316155ea45962241086,385523125b48d8f03dae99a8ca77c0c1,Relaciones Laborales y Recursos Humanos,19617310b7fcd93beda5f1bcd384ff0b,d6d85d89b4612501521435bd3f620a9a,03b7c4d6f22bd8efa1659d8e6a06d97e,2023-2024
92c081b3e4299316155ea45962241086,385523125b48d8f03dae99a8ca77c0c1,Turismo,00b108b6fb607864b36b6bb759bc44ae,d6d85d89b4612501521435bd3f620a9a,03b7c4d6f22bd8efa1659d8e6a06d97e,2023-2024
92c081b3e4299316155ea45962241086,385523125b48d8f03dae99a8ca77c0c1,PCEO Publicidad y Relaciones Públicas y Turismo,fe24f0053905e648f202aa6e16d3ac6c,d6d85d89b4612501521435bd3f620a9a,03b7c4d6f22bd8efa1659d8e6a06d97e,2023-2024
92c081b3e4299316155ea45962241086,7f47b3319134574d4ef3df2048c9858d,Educación Infantil,a7f522c3e91a158d9408cb5cef9451c7,d6d85d89b4612501521435bd3f620a9a,03b7c4d6f22bd8efa1659d8e6a06d97e,2023-2024
92c081b3e4299316155ea45962241086,7f47b3319134574d4ef3df2048c9858d,Educación Primaria,cb900d1231ce52c4909694ed1cf6d066,d6d85d89b4612501521435bd3f620a9a,03b7c4d6f22bd8efa1659d8e6a06d97e,2023-2024
92c081b3e4299316155ea45962241086,7f47b3319134574d4ef3df2048c9858d,PCEO Educación Primaria y Educación Infantil,b825aca4901e3483c4c5a6a2cd8c4064,d6d85d89b4612501521435bd3f620a9a,03b7c4d6f22bd8efa1659d8e6a06d97e,2023-2024
92c081b3e4299316155ea45962241086,2fa8c0e93e14be01a3292d681ca1741f,Enfermería,1907a42ebc7e50ab5b87f2b1dd625d2e,d6d85d89b4612501521435bd3f620a9a,afc4b5d3b7e78e8fb66cf859c95aaefe,2023-2024
92c081b3e4299316155ea45962241086,6e66f66a46d2c132fabfa72655ff15bd,Ingeniería Agraria y Energética,eaee98edffb0a74266c6a39bb1e5aac4,d6d85d89b4612501521435bd3f620a9a,0957ac6a7296b4e6ef4d4e8d25691025,2023-2024
92c081b3e4299316155ea45962241086,6e66f66a46d2c132fabfa72655ff15bd,Ingeniería Forestal: Industrias Forestales,eb431adea9f384274a0f1f09b6de9750,d6d85d89b4612501521435bd3f620a9a,0957ac6a7296b4e6ef4d4e8d25691025,2023-2024
92c081b3e4299316155ea45962241086,15179a9e1b42ddc3ccc70f7626dc0ca2,Enfermería,1907a42ebc7e50ab5b87f2b1dd625d2e,d6d85d89b4612501521435bd3f620a9a,afc4b5d3b7e78e8fb66cf859c95aaefe,2023-2024
92c081b3e4299316155ea45962241086,15179a9e1b42ddc3ccc70f7626dc0ca2,Fisioterapia,e555435aeb0ffa20dc95c773533d63e8,d6d85d89b4612501521435bd3f620a9a,afc4b5d3b7e78e8fb66cf859c95aaefe,2023-2024
92c081b3e4299316155ea45962241086,09a39c0b521c71ca08c9b5466e6f981e,Administración y Dirección de Empresas,84fde5bfa75e9c26c8e24afaadf98e93,d6d85d89b4612501521435bd3f620a9a,03b7c4d6f22bd8efa1659d8e6a06d97e,2023-2024
92c081b3e4299316155ea45962241086,09a39c0b521c71ca08c9b5466e6f981e,Relaciones Laborales y Recursos Humanos,19617310b7fcd93beda5f1bcd384ff0b,d6d85d89b4612501521435bd3f620a9a,03b7c4d6f22bd8efa1659d8e6a06d97e,2023-2024
92c081b3e4299316155ea45962241086,09a39c0b521c71ca08c9b5466e6f981e,PCEO Relaciones Laborales y Recursos Humanos y Administración y Dirección de Empresas,5b63291e93f3ffefe908d3df7f28ff88,d6d85d89b4612501521435bd3f620a9a,03b7c4d6f22bd8efa1659d8e6a06d97e,2023-2024
92c081b3e4299316155ea45962241086,c228aa01dd2fd6ae0ed513474c1fe569,Ciencias de la Actividad Física y del Deporte,655a086c1ea4c02859461f5823d73e5f,d6d85d89b4612501521435bd3f620a9a,03b7c4d6f22bd8efa1659d8e6a06d97e,2023-2024
92c081b3e4299316155ea45962241086,c228aa01dd2fd6ae0ed513474c1fe569,Educación Infantil,a7f522c3e91a158d9408cb5cef9451c7,d6d85d89b4612501521435bd3f620a9a,03b7c4d6f22bd8efa1659d8e6a06d97e,2023-2024
92c081b3e4299316155ea45962241086,c228aa01dd2fd6ae0ed513474c1fe569,Educación Primaria,cb900d1231ce52c4909694ed1cf6d066,d6d85d89b4612501521435bd3f620a9a,03b7c4d6f22bd8efa1659d8e6a06d97e,2023-2024
92c081b3e4299316155ea45962241086,6d64844cfca517ac79edca8f5a67d914,Traducción e Interpretación,26c916db2c381540092fd031197985ae,d6d85d89b4612501521435bd3f620a9a,72ceb55b13672d5fdbac7ce07f1e85a8,2023-2024
92c081b3e4299316155ea45962241086,525dd8cf5a08036b4415fa391175cd9a,Ingeniería Informática,85df8a5deff08962d08a6e078781ad38,d6d85d89b4612501521435bd3f620a9a,0957ac6a7296b4e6ef4d4e8d25691025,2023-2024
92c081b3e4299316155ea45962241086,525dd8cf5a08036b4415fa391175cd9a,PCEO Ingeniería Informática y Estadística,6e4549be039bba005cd23a772a95e850,d6d85d89b4612501521435bd3f620a9a,0957ac6a7296b4e6ef4d4e8d25691025,2023-2024
92c081b3e4299316155ea45962241086,ad8e9a7d8d7c49296c9a919248a3db1a,Ingeniería Eléctrica,3b35664b0004761e23caa38dff409ff4,d6d85d89b4612501521435bd3f620a9a,0957ac6a7296b4e6ef4d4e8d25691025,2023-2024
92c081b3e4299316155ea45962241086,ad8e9a7d8d7c49296c9a919248a3db1a,Ingeniería en Diseño Industrial y Desarrollo de Producto,ff1693e98a41dbaeca849977de9e6b95,d6d85d89b4612501521435bd3f620a9a,0957ac6a7296b4e6ef4d4e8d25691025,2023-2024
92c081b3e4299316155ea45962241086,ad8e9a7d8d7c49296c9a919248a3db1a,Ingeniería en Electrónica Industrial y Automática,036a908061f2f375c5696e620b3cee8b,d6d85d89b4612501521435bd3f620a9a,0957ac6a7296b4e6ef4d4e8d25691025,2023-2024
92c081b3e4299316155ea45962241086,ad8e9a7d8d7c49296c9a919248a3db1a,Ingeniería en Organización Industrial,e623b5d619288e8f15f132f0ce5d616a,d6d85d89b4612501521435bd3f620a9a,0957ac6a7296b4e6ef4d4e8d25691025,2023-2024
92c081b3e4299316155ea45962241086,ad8e9a7d8d7c49296c9a919248a3db1a,Ingeniería en Tecnologías Industriales,9433d31edd059d9a7a7ba69b334a6021,d6d85d89b4612501521435bd3f620a9a,0957ac6a7296b4e6ef4d4e8d25691025,2023-2024
92c081b3e4299316155ea45962241086,ad8e9a7d8d7c49296c9a919248a3db1a,Ingeniería Energética,89ac9772677ab53ca94d18e3e0583763,d6d85d89b4612501521435bd3f620a9a,0957ac6a7296b4e6ef4d4e8d25691025,2023-2024
92c081b3e4299316155ea45962241086,ad8e9a7d8d7c49296c9a919248a3db1a,Ingeniería Mecánica,27403aec059f74a213c53eb9512ad132,d6d85d89b4612501521435bd3f620a9a,0957ac6a7296b4e6ef4d4e8d25691025,2023-2024
92c081b3e4299316155ea45962241086,ad8e9a7d8d7c49296c9a919248a3db1a,Ingeniería Química,4f141334bce234d5ae41629737b83d1c,d6d85d89b4612501521435bd3f620a9a,0957ac6a7296b4e6ef4d4e8d25691025,2023-2024
92c081b3e4299316155ea45962241086,e9adf88b14fb2f320240cd9892b53c60,Fundamentos de la Arquitectura,ec4f224f2c9dd675a81a53454307d03b,d6d85d89b4612501521435bd3f620a9a,0957ac6a7296b4e6ef4d4e8d25691025,2023-2024
92c081b3e4299316155ea45962241086,08798eaf5fce6d61a1d600bb84c20771,Ingeniería de Tecnologías de Telecomunicación,35ccee599e64bb06ecf82960eb0637a2,d6d85d89b4612501521435bd3f620a9a,0957ac6a7296b4e6ef4d4e8d25691025,2023-2024
92c081b3e4299316155ea45962241086,08798eaf5fce6d61a1d600bb84c20771,Ingeniería de Tecnologías Específicas de Telecomunicación,514a5e10fca599ee82e8aa78dc1666f8,d6d85d89b4612501521435bd3f620a9a,0957ac6a7296b4e6ef4d4e8d25691025,2023-2024
92c081b3e4299316155ea45962241086,08798eaf5fce6d61a1d600bb84c20771,PCEO Ingeniería de Tecnologías de Telecomunicación y de Administración y Dirección de Empresas,e652e9601807513648f3adc0895dd6a1,d6d85d89b4612501521435bd3f620a9a,0957ac6a7296b4e6ef4d4e8d25691025,2023-2024
92c081b3e4299316155ea45962241086,47067f6b754243f1a53069a9a7c03b11,Estadística,f71996e7a9335f8a0321fa34e38778a4,d6d85d89b4612501521435bd3f620a9a,cca488c1d5d31aa9a4c4356b47f75ebd,2023-2024
92c081b3e4299316155ea45962241086,47067f6b754243f1a53069a9a7c03b11,Física,de4bad3a3125427b70182fb81b9e2e13,d6d85d89b4612501521435bd3f620a9a,cca488c1d5d31aa9a4c4356b47f75ebd,2023-2024
92c081b3e4299316155ea45962241086,47067f6b754243f1a53069a9a7c03b11,Matemáticas,6835f712054ce2946c3c8d8bdee75452,d6d85d89b4612501521435bd3f620a9a,cca488c1d5d31aa9a4c4356b47f75ebd,2023-2024
92c081b3e4299316155ea45962241086,47067f6b754243f1a53069a9a7c03b11,Óptica y Optometría,0582202eb0186f2ef275076f224b5f0f,d6d85d89b4612501521435bd3f620a9a,afc4b5d3b7e78e8fb66cf859c95aaefe,2023-2024
92c081b3e4299316155ea45962241086,47067f6b754243f1a53069a9a7c03b11,Química,3a694e50fd1e016011fddd73110238f5,d6d85d89b4612501521435bd3f620a9a,cca488c1d5d31aa9a4c4356b47f75ebd,2023-2024
92c081b3e4299316155ea45962241086,47067f6b754243f1a53069a9a7c03b11,PCEO Matemáticas y Física,fb96b96068709fcf328cfc36f750dc1d,d6d85d89b4612501521435bd3f620a9a,cca488c1d5d31aa9a4c4356b47f75ebd,2023-2024
92c081b3e4299316155ea45962241086,47067f6b754243f1a53069a9a7c03b11,PCEO Matemáticas y Ingeniería Informática de Servicios y Aplicaciones,b75dc9268d569c7a1c46d37049284196,d6d85d89b4612501521435bd3f620a9a,cca488c1d5d31aa9a4c4356b47f75ebd,2023-2024
92c081b3e4299316155ea45962241086,cb1839d202d3eda23b2cdc2b09cbe45c,Administración y Dirección de Empresas,84fde5bfa75e9c26c8e24afaadf98e93,d6d85d89b4612501521435bd3f620a9a,03b7c4d6f22bd8efa1659d8e6a06d97e,2023-2024
92c081b3e4299316155ea45962241086,cb1839d202d3eda23b2cdc2b09cbe45c,Economía,29ac36fcfe7f1d213353dd71c0b00234,d6d85d89b4612501521435bd3f620a9a,03b7c4d6f22bd8efa1659d8e6a06d97e,2023-2024
92c081b3e4299316155ea45962241086,cb1839d202d3eda23b2cdc2b09cbe45c,"Finanzas, Banca y Seguros",a37ca9c7b7083942cfe74e441717e262,d6d85d89b4612501521435bd3f620a9a,03b7c4d6f22bd8efa1659d8e6a06d97e,2023-2024
92c081b3e4299316155ea45962241086,cb1839d202d3eda23b2cdc2b09cbe45c,Marketing e Investigación de Mercados,f6fbc0dc912e3a0713190bdfdc02e86c,d6d85d89b4612501521435bd3f620a9a,03b7c4d6f22bd8efa1659d8e6a06d97e,2023-2024
92c081b3e4299316155ea45962241086,71e65021f1c5310652d72a264dd75418,Comercio,5f01d2d076c38f691428dd302affae1c,d6d85d89b4612501521435bd3f620a9a,03b7c4d6f22bd8efa1659d8e6a06d97e,2023-2024
92c081b3e4299316155ea45962241086,71e65021f1c5310652d72a264dd75418,Relaciones Internacionales,668255b16a476d2c7c6cea802b860c63,d6d85d89b4612501521435bd3f620a9a,03b7c4d6f22bd8efa1659d8e6a06d97e,2023-2024
92c081b3e4299316155ea45962241086,71e65021f1c5310652d72a264dd75418,PCEO Comercio y Relaciones Laborales y Recursos Humanos,8c65f68ec276691291411410655155af,d6d85d89b4612501521435bd3f620a9a,03b7c4d6f22bd8efa1659d8e6a06d97e,2023-2024
92c081b3e4299316155ea45962241086,b04ea75e4e7867de5ff40c48c1ed9e85,Criminología,5ad76b65d119e89f70b9eb35569bb0d6,d6d85d89b4612501521435bd3f620a9a,03b7c4d6f22bd8efa1659d8e6a06d97e,2023-2024
92c081b3e4299316155ea45962241086,b04ea75e4e7867de5ff40c48c1ed9e85,Derecho,a3a3464314e68a0f29b5e6314ebaa690,d6d85d89b4612501521435bd3f620a9a,03b7c4d6f22bd8efa1659d8e6a06d97e,2023-2024
92c081b3e4299316155ea45962241086,b04ea75e4e7867de5ff40c48c1ed9e85,PCEO Derecho y Administración y Dirección de Empresas,97767b235ebdb7346d22c332ac2b1188,d6d85d89b4612501521435bd3f620a9a,03b7c4d6f22bd8efa1659d8e6a06d97e,2023-2024
92c081b3e4299316155ea45962241086,9afb21bf82875e1e498644508e286549,Educación Infantil,a7f522c3e91a158d9408cb5cef9451c7,d6d85d89b4612501521435bd3f620a9a,03b7c4d6f22bd8efa1659d8e6a06d97e,2023-2024
92c081b3e4299316155ea45962241086,9afb21bf82875e1e498644508e286549,Educación Primaria,cb900d1231ce52c4909694ed1cf6d066,d6d85d89b4612501521435bd3f620a9a,03b7c4d6f22bd8efa1659d8e6a06d97e,2023-2024
92c081b3e4299316155ea45962241086,9afb21bf82875e1e498644508e286549,Educación Social,7201b182d36b02599d207fcce8b60597,d6d85d89b4612501521435bd3f620a9a,03b7c4d6f22bd8efa1659d8e6a06d97e,2023-2024
92c081b3e4299316155ea45962241086,9afb21bf82875e1e498644508e286549,Trabajo Social,1b6f0e081ab208a574c1112e7863dfda,d6d85d89b4612501521435bd3f620a9a,03b7c4d6f22bd8efa1659d8e6a06d97e,2023-2024
92c081b3e4299316155ea45962241086,22098430e05b5b783a5f995e3e8517c7,Enfermería,1907a42ebc7e50ab5b87f2b1dd625d2e,d6d85d89b4612501521435bd3f620a9a,afc4b5d3b7e78e8fb66cf859c95aaefe,2023-2024
92c081b3e4299316155ea45962241086,b1bd7418e42f38955c538847bcbe22e4,Español: Lengua y Literatura,4e8f9ed1e1ce31649a21075600c90a0f,d6d85d89b4612501521435bd3f620a9a,72ceb55b13672d5fdbac7ce07f1e85a8,2023-2024
92c081b3e4299316155ea45962241086,b1bd7418e42f38955c538847bcbe22e4,Estudios Clásicos,cf6da82048ee2b01af4560a57a32d36f,d6d85d89b4612501521435bd3f620a9a,72ceb55b13672d5fdbac7ce07f1e85a8,2023-2024
92c081b3e4299316155ea45962241086,b1bd7418e42f38955c538847bcbe22e4,Estudios Ingleses,0cb585bbaa2318217056f287e72c1624,d6d85d89b4612501521435bd3f620a9a,72ceb55b13672d5fdbac7ce07f1e85a8,2023-2024
92c081b3e4299316155ea45962241086,b1bd7418e42f38955c538847bcbe22e4,Filosofía,2e22fb822d95c5320aaec2e223a6aacb,d6d85d89b4612501521435bd3f620a9a,72ceb55b13672d5fdbac7ce07f1e85a8,2023-2024
92c081b3e4299316155ea45962241086,b1bd7418e42f38955c538847bcbe22e4,Geografia y Planificación Territorial,b8c54bfd41682fb2c17eff3eec53a7c2,d6d85d89b4612501521435bd3f620a9a,72ceb55b13672d5fdbac7ce07f1e85a8,2023-2024
92c081b3e4299316155ea45962241086,b1bd7418e42f38955c538847bcbe22e4,Historia,7a19298335621a30942d29d551bbd6fb,d6d85d89b4612501521435bd3f620a9a,72ceb55b13672d5fdbac7ce07f1e85a8,2023-2024
92c081b3e4299316155ea45962241086,b1bd7418e42f38955c538847bcbe22e4,Historia del Arte,65f3841a86b6734a49208e63ecb5adc9,d6d85d89b4612501521435bd3f620a9a,72ceb55b13672d5fdbac7ce07f1e85a8,2023-2024
92c081b3e4299316155ea45962241086,b1bd7418e42f38955c538847bcbe22e4,Historia y Ciencias de la Música,d682f629a6accface6ee4adeaedcf967,d6d85d89b4612501521435bd3f620a9a,72ceb55b13672d5fdbac7ce07f1e85a8,2023-2024
92c081b3e4299316155ea45962241086,b1bd7418e42f38955c538847bcbe22e4,Lenguas Modernas y sus Literaturas,5082634b0bbf98a1fc4af4bfc1b41147,d6d85d89b4612501521435bd3f620a9a,72ceb55b13672d5fdbac7ce07f1e85a8,2023-2024
92c081b3e4299316155ea45962241086,b1bd7418e42f38955c538847bcbe22e4,Periodismo,ecf45883948cb896ebea586d04172fd2,d6d85d89b4612501521435bd3f620a9a,03b7c4d6f22bd8efa1659d8e6a06d97e,2023-2024
92c081b3e4299316155ea45962241086,3e4bb48648712c3477346224adffcfc4,Biomedicina y Terapias Avanzadas,4a7918dea557cb39b8b67d5a3ed1e8af,d6d85d89b4612501521435bd3f620a9a,afc4b5d3b7e78e8fb66cf859c95aaefe,2023-2024
92c081b3e4299316155ea45962241086,3e4bb48648712c3477346224adffcfc4,Ingeniería Biomédica,df2736ef7e3ee6ee96e15dfed4ecc702,d6d85d89b4612501521435bd3f620a9a,0957ac6a7296b4e6ef4d4e8d25691025,2023-2024
92c081b3e4299316155ea45962241086,3e4bb48648712c3477346224adffcfc4,Logopedia,1ba5fe21a0804252d15815a6b3bd3447,d6d85d89b4612501521435bd3f620a9a,afc4b5d3b7e78e8fb66cf859c95aaefe,2023-2024
92c081b3e4299316155ea45962241086,3e4bb48648712c3477346224adffcfc4,Medicina,afc10d7a30e0abde2ee2815f9bf71228,d6d85d89b4612501521435bd3f620a9a,afc4b5d3b7e78e8fb66cf859c95aaefe,2023-2024
92c081b3e4299316155ea45962241086,3e4bb48648712c3477346224adffcfc4,Nutrición Humana y Dietética,071e80a69e7eb4845e487c67466aa4e5,d6d85d89b4612501521435bd3f620a9a,afc4b5d3b7e78e8fb66cf859c95aaefe,2023-2024
