tipo_semaforo,tipo_luz,distrito,id,id_cruce,fecha_inst,longitud,latitud
BICI,3/100,15,52384,1445,1996-01-26,-3.655013,40.423347
PEATON - BICI,2/200,17,58075,4722,,-3.705336,40.352789
PEATON - BICI,2/200,8,222,1530,1998-06-08,-3.685520,40.504901
PEATON - BICI,2/200,8,225,2027,2007-09-17,-3.694808,40.506335
PEATON - BICI,2/200,8,226,2027,2007-09-17,-3.694730,40.506296
PEATON - BICI,2/200,14,1246,1040,1981-12-18,-3.641355,40.410087
PEATON - BICI,2/200,14,1247,1040,1981-12-18,-3.641491,40.410091
PEATON - BICI,2/200,17,58087,4722,,-3.705322,40.351900
PEATON - BICI,2/200,1,1793,116,1964-03-14,-3.708725,40.416018
BICI,3/200,6,58098,108,,-3.689988,40.462054
BICI,3/200,6,58099,108,,-3.690060,40.462105
BICI,3/100,6,58100,108,,-3.690333,40.462026
PEATON - BICI,2/200,6,58463,114,,-3.689781,40.465330
BICI,3/200,8,59085,1173,,-3.709030,40.480794
BICI,3/200,8,59088,1173,,-3.708928,40.480853
BICI,3/200,14,6006,599,1973-10-26,-3.655099,40.410590
BICI,3/200,14,6010,599,1973-10-26,-3.655853,40.410552
BICI,3/200,14,6017,642,1974-12-02,-3.652252,40.410420
BICI,3/200,14,6060,675,1975-10-20,-3.647402,40.408895
BICI,3/200,14,6093,676,1975-10-20,-3.645295,40.408356
PEATON - BICI,2/200,8,221,1530,1998-06-08,-3.685442,40.504902
PEATON - BICI,2/200,8,227,2026,2007-09-17,-3.695835,40.506834
PEATON - BICI,2/200,8,228,2026,2007-09-17,-3.695760,40.506796
PEATON - BICI,2/200,14,1190,1742,2003-01-30,-3.629659,40.410376
PEATON - BICI,2/200,14,1191,1742,2003-01-30,-3.629716,40.410392
PEATON - BICI,2/200,14,1192,1742,2003-01-30,-3.629786,40.410415
PEATON - BICI,2/200,14,1193,1742,2003-01-30,-3.629841,40.410432
PEATON - BICI,2/200,14,1194,1742,2003-01-30,-3.629969,40.410636
PEATON - BICI,2/200,14,1195,1742,2003-01-30,-3.629949,40.410566
PEATON - BICI,2/200,20,3361,663,1975-05-25,-3.628055,40.423902
PEATON - BICI,2/200,20,3362,663,1975-05-25,-3.627973,40.423934
PEATON - BICI,2/200,20,3367,569,1973-05-22,-3.626367,40.422266
PEATON - BICI,2/200,20,3452,681,1975-12-05,-3.625433,40.420593
PEATON - BICI,2/200,20,3453,681,1975-12-05,-3.625481,40.420509
PEATON - BICI,2/200,20,3454,681,1975-12-05,-3.625569,40.420472
PEATON - BICI,2/200,20,3456,681,1975-12-05,-3.625598,40.420351
BICI,3/200,11,53833,320,1968-09-16,-3.727828,40.386372
BICI,3/200,2,663,413,2018-02-26,-3.698964,40.393796
BICI,3/100,1,1857,385,2019-02-04,-3.698043,40.411839
PEATON - BICI,2/200,2,846,602,1973-12-17,-3.696186,40.401041
PEATON - BICI,2/200,2,847,602,1973-12-17,-3.696119,40.401036
BICI,3/200,9,5277,100,1962-02-27,-3.711899,40.424294
BICI,3/200,2,4294,776,1978-01-01,-3.720498,40.403847
BICI,3/200,1,5264,176,2019-06-03,-3.709190,40.424224
BICI,3/200,1,5309,510,1972-05-25,-3.713195,40.421731
BICI,2/200,2,43282,1433,2015-05-25,-3.706886,40.401573
BICI,2/200,11,50588,1913,2005-11-11,-3.743275,40.382418
BICI,2/200,10,52637,242,2014-11-06,-3.723901,40.414122
PEATON - BICI,2/200,17,55149,4550,,-3.704030,40.356170
BICI,3/200,14,1129,1344,1992-10-29,-3.643322,40.408983
BICI,3/200,14,6019,642,1974-12-02,-3.652346,40.410211
PEATON - BICI,2/200,8,223,2025,2021-03-02,-3.697117,40.507448
PEATON - BICI,2/200,8,224,2025,2007-09-17,-3.696992,40.507388
PEATON - BICI,2/200,14,1248,1040,1981-12-18,-3.641642,40.409566
PEATON - BICI,2/200,14,1249,1040,1981-12-18,-3.641681,40.409619
BICI,3/200,14,6000,599,1973-10-26,-3.655858,40.410816
BICI,3/200,14,6024,642,1974-12-02,-3.652705,40.410294
PEATON - BICI,2/200,2,51388,2209,2015-02-17,-3.705629,40.397278
PEATON - BICI,2/200,1,57561,28,,-3.695332,40.418855
BICI,3/200,7,53365,251,1967-10-21,-3.697903,40.432717
BICI,3/200,2,56376,856,1978-01-01,-3.714888,40.400711
BICI,3/200,5,57476,4655,,-3.681879,40.441464
BICI,3/200,14,6004,599,1973-10-26,-3.655006,40.410814
BICI,3/200,14,55457,676,,-3.645383,40.408300
BICI,3/200,3,14419,106,2018-04-23,-3.674554,40.401343
BICI,2/200,2,43283,1433,2015-05-25,-3.706759,40.401523
BICI,2/200,6,58259,109,2020-05-04,-3.690491,40.458532
BICI,2/200,6,58262,109,1963-12-30,-3.690546,40.458536
BICI,2/200,6,58476,109,,-3.690776,40.458959
PEATON - BICI,2/200,20,3451,681,1975-12-05,-3.625359,40.420631
BICI,2/200,6,58477,109,,-3.690774,40.459207
BICI,3/200,14,6065,675,1975-10-20,-3.647933,40.408864
BICI,3/200,14,6068,570,1973-05-23,-3.649919,40.409760
BICI,3/200,17,15957,1765,2003-08-07,-3.693428,40.345701
PEATON - BICI,2/200,20,49519,1984,2007-02-27,-3.607992,40.434357
BICI,3/200,7,53230,480,1971-11-30,-3.699255,40.435842
BICI,3/200,7,53346,476,1971-11-25,-3.698964,40.435277
BICI,3/200,7,19050,476,2017-04-18,-3.698673,40.434641
BICI,3/200,7,19068,247,2017-03-25,-3.699490,40.436567
BICI,3/200,7,19112,1236,2017-04-07,-3.698124,40.433377
BICI,3/200,7,53225,251,1967-10-21,-3.697659,40.432174
BICI,3/200,7,53375,79,1960-01-01,-3.700410,40.438639
BICI,3/200,7,19412,234,1967-07-12,-3.697087,40.430971
BICI,3/200,7,19414,234,2017-04-05,-3.697041,40.430766
BICI,3/200,7,19543,235,2017-04-28,-3.696564,40.429649
BICI,3/200,7,19824,280,2017-06-07,-3.702275,40.443015
BICI,3/200,7,53437,188,1966-09-06,-3.701811,40.441878
BICI,3/200,7,19840,472,2017-05-20,-3.701180,40.440478
PEATON - BICI,2/200,20,56089,10026,,-3.603520,40.433896
PEATON - BICI,2/200,20,56090,10026,,-3.603486,40.433953
PEATON - BICI,2/200,20,56091,10026,,-3.603467,40.433985
PEATON - BICI,2/200,20,56092,10026,,-3.603441,40.434031
BICI,3/200,7,20925,281,2017-06-10,-3.702729,40.444065
BICI,3/200,7,53458,279,1968-01-09,-3.703310,40.445282
PEATON - BICI,2/200,7,21033,279,2017-06-22,-3.703408,40.445452
PEATON - BICI,2/200,7,21047,280,2017-06-21,-3.702441,40.443244
PEATON - BICI,2/200,4,21087,22,1960-01-01,-3.688735,40.420599
PEATON - BICI,2/200,4,21088,22,1960-01-01,-3.688590,40.420583
PEATON - BICI,2/200,2,56173,1839,,-3.719043,40.401635
PEATON - BICI,2/200,2,56174,1839,,-3.718907,40.401645
BICI,3/200,11,21643,927,1979-10-11,-3.730596,40.388029
BICI,3/200,11,21671,598,2014-12-21,-3.729601,40.387214
BICI,3/200,11,21698,320,1968-09-16,-3.727494,40.386224
BICI,3/200,11,21729,346,1969-04-12,-3.723700,40.385484
BICI,3/200,11,21733,346,2015-01-03,-3.723373,40.385437
BICI,3/200,11,21738,647,1975-01-29,-3.721609,40.385278
BICI,3/200,11,22096,2272,2017-08-09,-3.718996,40.385259
BICI,3/200,3,24139,106,2017-09-20,-3.674948,40.400921
BICI,3/200,6,24441,306,2014-12-04,-3.695206,40.452240
PEATON - BICI,2/200,1,57557,28,,-3.695383,40.419001
PEATON - BICI,2/200,1,57559,28,,-3.695348,40.418901
PEATON - BICI,2/200,1,26485,39,1960-01-01,-3.710618,40.423304
PEATON - BICI,2/200,8,26747,988,2020-05-19,-3.712318,40.480106
PEATON - BICI,2/200,6,27323,4667,2015-02-19,-3.698062,40.452418
PEATON - BICI,2/200,6,27324,4667,2015-02-19,-3.698102,40.452421
PEATON - BICI,2/200,6,27327,795,1978-01-01,-3.699357,40.452502
PEATON - BICI,2/200,8,27494,1083,2020-05-04,-3.704688,40.482403
PEATON - BICI,2/200,8,27498,1083,2020-05-04,-3.704568,40.482155
PEATON - BICI,2/200,8,27500,1083,2020-05-04,-3.704511,40.482064
PEATON - BICI,2/200,8,27502,1083,2020-05-04,-3.704639,40.481838
PEATON - BICI,2/200,8,27503,1083,2020-05-04,-3.704780,40.481807
PEATON - BICI,2/200,8,27506,1083,2020-05-04,-3.705908,40.482116
PEATON - BICI,2/200,8,27509,1083,2020-05-04,-3.705795,40.481806
PEATON - BICI,2/200,8,27511,1083,2020-05-04,-3.705760,40.481709
PEATON - BICI,2/200,8,27512,1083,2020-05-04,-3.705496,40.481576
PEATON - BICI,2/200,8,27513,1083,2020-05-04,-3.705356,40.481605
PEATON - BICI,2/200,8,27515,1083,2020-05-04,-3.705659,40.481432
PEATON - BICI,2/200,8,27521,1083,2020-05-04,-3.704385,40.481772
PEATON - BICI,2/200,8,27534,1173,1989-04-28,-3.709358,40.480763
PEATON - BICI,2/200,8,27535,1173,2019-04-21,-3.709430,40.480747
PEATON - BICI,2/200,8,27536,1173,2019-04-21,-3.709842,40.480850
PEATON - BICI,2/200,8,27537,1173,1989-04-28,-3.709868,40.480912
PEATON - BICI,2/200,8,27538,1173,1989-04-28,-3.709879,40.480946
PEATON - BICI,2/200,8,27539,1173,2019-04-21,-3.709915,40.481030
PEATON - BICI,2/200,8,27542,1172,2020-05-11,-3.699944,40.484099
PEATON - BICI,2/200,8,27543,1172,2020-05-11,-3.699952,40.484112
PEATON - BICI,2/200,8,27545,1172,2020-05-29,-3.699806,40.484289
PEATON - BICI,2/200,8,27552,1172,2020-05-19,-3.699912,40.483833
PEATON - BICI,2/200,8,27553,1172,2020-05-19,-3.699877,40.483772
PEATON - BICI,2/200,8,27554,1172,1989-04-28,-3.699857,40.483740
PEATON - BICI,2/200,8,27555,1172,2020-05-11,-3.699824,40.483685
PEATON - BICI,2/200,8,27556,1172,2020-05-11,-3.699530,40.483523
PEATON - BICI,2/200,8,27557,1172,2020-05-11,-3.699504,40.483481
PEATON - BICI,2/200,8,27559,1172,2020-05-11,-3.699035,40.483656
PEATON - BICI,2/200,8,27561,1172,2020-05-11,-3.699161,40.483360
BICI,3/200,1,57562,28,,-3.695370,40.418833
PEATON - BICI,2/200,7,27688,188,2017-06-15,-3.701944,40.441983
PEATON - BICI,2/200,7,27689,188,2017-06-03,-3.701986,40.442087
BICI,3/200,1,57563,28,,-3.695299,40.418886
PEATON - BICI,2/200,6,28019,109,1963-12-30,-3.689235,40.458880
PEATON - BICI,2/200,6,28020,109,1963-12-30,-3.689230,40.458979
PEATON - BICI,2/200,6,28021,109,2020-05-04,-3.689227,40.459013
PEATON - BICI,2/200,6,28022,109,2020-05-04,-3.689212,40.459114
PEATON - BICI,2/200,6,28023,109,2020-05-04,-3.689411,40.459472
PEATON - BICI,2/200,6,28024,109,2020-05-04,-3.689450,40.459474
PEATON - BICI,2/200,6,28033,109,2020-05-04,-3.689758,40.459603
PEATON - BICI,2/200,6,28034,109,2020-05-04,-3.689787,40.459605
PEATON - BICI,2/200,6,28035,109,1963-12-30,-3.689833,40.459608
PEATON - BICI,2/200,6,28036,109,2020-05-04,-3.690092,40.459620
PEATON - BICI,2/200,6,28037,109,2020-05-04,-3.690147,40.459623
PEATON - BICI,2/200,6,28038,109,2020-05-04,-3.690172,40.459624
PEATON - BICI,2/200,6,28045,109,2020-05-04,-3.690285,40.458489
PEATON - BICI,2/200,6,28046,109,2020-05-04,-3.690252,40.458485
PEATON - BICI,2/200,6,28047,109,2020-05-04,-3.690208,40.458484
PEATON - BICI,2/200,6,28048,109,2020-05-04,-3.689943,40.458472
PEATON - BICI,2/200,6,28049,109,2020-05-04,-3.689891,40.458469
PEATON - BICI,2/200,6,28050,109,2020-05-04,-3.689863,40.458467
PEATON - BICI,2/200,6,28067,108,2019-08-23,-3.690287,40.462099
PEATON - BICI,2/200,6,28070,108,2019-08-23,-3.690163,40.462029
PEATON - BICI,2/200,6,28071,108,2019-08-23,-3.690099,40.462025
PEATON - BICI,2/200,6,28072,108,2019-08-23,-3.689941,40.462015
PEATON - BICI,2/200,6,28073,108,1963-12-30,-3.689902,40.462012
PEATON - BICI,2/200,6,28074,108,1963-12-30,-3.689858,40.462009
PEATON - BICI,2/200,6,28075,108,1963-12-30,-3.689606,40.461994
PEATON - BICI,2/200,6,28076,108,1963-12-30,-3.689561,40.461992
PEATON - BICI,2/200,6,28077,108,2019-08-23,-3.689522,40.461988
PEATON - BICI,2/200,6,28078,108,2019-08-23,-3.689175,40.461835
PEATON - BICI,2/200,6,28250,1714,2019-08-13,-3.690911,40.454488
PEATON - BICI,2/200,6,28307,1049,2016-08-19,-3.690613,40.457746
PEATON - BICI,2/200,6,28316,111,2014-08-31,-3.689720,40.456256
PEATON - BICI,2/200,6,28319,111,2014-08-31,-3.690718,40.456442
PEATON - BICI,2/200,6,28331,111,2014-08-31,-3.689755,40.455873
PEATON - BICI,2/200,16,28734,4651,1995-06-13,-3.624519,40.462632
PEATON - BICI,2/200,16,28735,4651,1995-06-13,-3.624519,40.462534
PEATON - BICI,2/200,21,28751,1295,1991-12-18,-3.616575,40.459560
PEATON - BICI,2/200,16,28786,1509,1997-12-10,-3.617856,40.457186
PEATON - BICI,2/200,16,28787,1509,1997-12-10,-3.617965,40.457068
PEATON - BICI,2/200,16,28788,1267,1991-05-21,-3.618021,40.457634
PEATON - BICI,2/200,16,28789,1267,1991-05-21,-3.617949,40.457603
PEATON - BICI,2/200,16,28790,1267,1991-05-21,-3.617778,40.457519
PEATON - BICI,2/200,16,28791,1267,1991-05-21,-3.617698,40.457482
PEATON - BICI,2/200,16,28796,1267,1991-05-21,-3.616763,40.458648
PEATON - BICI,2/200,16,28799,1267,1991-05-21,-3.617182,40.458739
PEATON - BICI,2/200,16,28800,1267,1991-05-21,-3.617855,40.458632
PEATON - BICI,2/200,16,28801,1267,1991-05-21,-3.617882,40.458600
PEATON - BICI,2/200,16,28802,1267,1991-05-21,-3.618059,40.458272
PEATON - BICI,2/200,16,28803,1267,1991-05-21,-3.618103,40.458238
PEATON - BICI,2/200,16,28809,1335,1992-08-28,-3.629447,40.468467
PEATON - BICI,2/200,16,28810,1335,1992-08-28,-3.629407,40.468589
BICI,3/200,1,57567,28,,-3.695870,40.418716
PEATON - BICI,2/200,12,29070,231,1967-06-17,-3.719481,40.373431
PEATON - BICI,2/200,12,29071,231,1967-06-17,-3.719583,40.373434
PEATON - BICI,2/200,12,29072,231,1967-06-17,-3.719929,40.373392
PEATON - BICI,2/200,12,29073,231,1967-06-17,-3.720025,40.373404
PEATON - BICI,2/200,12,29084,821,2018-09-28,-3.712367,40.372891
PEATON - BICI,2/200,12,29085,821,2018-09-28,-3.712261,40.372893
PEATON - BICI,2/200,12,29088,1219,2018-09-26,-3.710669,40.372710
PEATON - BICI,2/200,12,29089,1219,2018-09-26,-3.710570,40.372697
PEATON - BICI,2/200,12,29096,1031,2021-04-28,-3.705002,40.371432
PEATON - BICI,2/200,12,29097,1031,1981-10-06,-3.705055,40.371328
PEATON - BICI,2/200,4,29148,162,1966-02-09,-3.686740,40.430509
BICI,3/200,1,57568,28,,-3.695738,40.418796
BICI,3/100,1,29357,510,1972-05-25,-3.713196,40.421744
PEATON - BICI,2/200,9,29371,100,1962-02-27,-3.711604,40.424310
PEATON - BICI,2/200,5,57780,4689,,-3.690243,40.450908
PEATON - BICI,2/200,15,29971,620,1974-05-13,-3.647064,40.426926
PEATON - BICI,2/200,15,29972,620,1974-05-13,-3.647103,40.426838
PEATON - BICI,2/200,15,29978,620,1974-05-13,-3.647407,40.426872
PEATON - BICI,2/200,15,29979,620,1974-05-13,-3.647657,40.426945
PEATON - BICI,2/200,15,29980,620,1974-05-13,-3.647703,40.426955
PEATON - BICI,2/200,15,30147,629,2025-05-14,-3.651389,40.425837
PEATON - BICI,2/200,15,30148,629,2025-05-14,-3.651332,40.425879
PEATON - BICI,2/200,10,30482,1997,2007-05-04,-3.739090,40.411167
PEATON - BICI,2/200,10,30483,1997,2007-05-04,-3.738966,40.411165
PEATON - BICI,2/200,11,30780,1841,2004-09-09,-3.733650,40.387386
PEATON - BICI,2/200,11,30787,287,2015-03-25,-3.732015,40.388410
PEATON - BICI,2/200,2,30941,776,1978-01-01,-3.720297,40.403893
PEATON - BICI,2/200,2,30942,776,1978-01-01,-3.720469,40.403816
PEATON - BICI,2/200,2,30943,776,1978-01-01,-3.720606,40.403907
PEATON - BICI,2/200,2,30944,776,2019-02-25,-3.720740,40.404066
PEATON - BICI,2/200,2,30949,1875,2015-11-15,-3.718794,40.404087
PEATON - BICI,2/200,2,30950,1875,2015-11-15,-3.718852,40.404081
PEATON - BICI,2/200,2,31068,529,1972-10-11,-3.718531,40.410590
PEATON - BICI,2/200,2,31069,529,1972-10-11,-3.718556,40.410596
PEATON - BICI,2/200,2,31177,4553,1997-02-07,-3.701937,40.396074
PEATON - BICI,2/200,2,31178,4553,1997-02-07,-3.702016,40.395995
PEATON - BICI,2/200,2,31189,1481,1997-02-07,-3.700088,40.394818
PEATON - BICI,2/200,2,31190,1481,1997-02-07,-3.700118,40.394721
PEATON - BICI,2/200,2,31197,413,1970-08-05,-3.698843,40.393919
PEATON - BICI,2/200,2,31200,413,1970-08-05,-3.698916,40.393787
PEATON - BICI,2/200,2,31233,342,1969-02-17,-3.695650,40.391428
PEATON - BICI,2/200,2,31236,342,2019-03-20,-3.695544,40.391578
PEATON - BICI,2/200,12,31433,1746,2003-02-24,-3.695262,40.375322
PEATON - BICI,2/200,12,31434,1746,2021-07-07,-3.695178,40.375358
PEATON - BICI,2/200,12,31435,1746,2003-02-24,-3.694677,40.375463
PEATON - BICI,2/200,12,31436,1746,2021-07-07,-3.694608,40.375421
PEATON - BICI,2/200,12,31507,1056,1982-05-18,-3.696589,40.367123
PEATON - BICI,2/200,12,31508,1056,1982-05-18,-3.696723,40.366975
PEATON - BICI,2/200,12,31509,1056,1982-05-18,-3.696723,40.366953
PEATON - BICI,2/200,12,31514,1644,2000-08-01,-3.694394,40.367262
PEATON - BICI,2/200,12,31515,1644,2021-04-14,-3.694385,40.367201
PEATON - BICI,2/200,12,31516,1644,2000-08-01,-3.694391,40.367072
PEATON - BICI,2/200,12,31517,1644,2021-04-14,-3.694384,40.367033
PEATON - BICI,2/200,13,31714,2078,2009-06-16,-3.668652,40.382603
PEATON - BICI,2/200,2,32144,543,1972-12-04,-3.680629,40.395764
PEATON - BICI,2/200,2,32145,543,1972-12-04,-3.680519,40.395825
PEATON - BICI,2/200,2,32146,543,1972-12-04,-3.680484,40.395847
PEATON - BICI,2/200,2,32147,543,1972-12-04,-3.680407,40.395898
PEATON - BICI,2/200,2,32148,543,1972-12-04,-3.680003,40.395929
PEATON - BICI,2/200,2,32150,543,1972-12-04,-3.679772,40.395810
PEATON - BICI,2/200,13,32324,1174,1989-05-04,-3.649656,40.394621
PEATON - BICI,2/200,13,32325,1174,1989-05-04,-3.649607,40.394601
PEATON - BICI,2/200,3,32522,106,2018-04-23,-3.674710,40.401073
PEATON - BICI,2/200,3,32523,106,2018-04-23,-3.674579,40.401216
PEATON - BICI,2/200,20,33166,1494,1997-07-29,-3.626649,40.447543
PEATON - BICI,2/200,20,33168,1494,1997-07-29,-3.626054,40.447150
PEATON - BICI,2/200,20,33170,1494,1997-07-29,-3.625874,40.447202
PEATON - BICI,2/200,20,33171,1494,1997-07-29,-3.625404,40.447761
PEATON - BICI,2/200,15,33201,312,1968-07-11,-3.640410,40.441404
PEATON - BICI,2/200,15,33202,312,1968-07-11,-3.640480,40.441380
PEATON - BICI,2/200,15,33203,312,1968-07-11,-3.640596,40.441252
PEATON - BICI,2/200,15,33204,312,1968-07-11,-3.640661,40.441221
PEATON - BICI,2/200,6,33272,1617,2018-06-07,-3.690401,40.449159
PEATON - BICI,2/200,6,33291,59,2018-02-23,-3.691711,40.446429
PEATON - BICI,2/200,6,33292,59,2018-02-23,-3.691595,40.446428
PEATON - BICI,2/200,6,33293,59,2018-03-16,-3.691402,40.446463
PEATON - BICI,2/200,6,33294,59,2018-03-16,-3.691274,40.446456
PEATON - BICI,2/200,6,33295,59,2018-03-16,-3.691193,40.446453
PEATON - BICI,2/200,6,33296,59,2018-03-16,-3.691038,40.446445
PEATON - BICI,2/200,6,33297,59,2018-03-05,-3.690751,40.446475
PEATON - BICI,2/200,6,33298,59,1960-01-01,-3.690676,40.446470
PEATON - BICI,2/200,6,33597,110,2019-09-05,-3.690847,40.452679
PEATON - BICI,2/200,6,33598,110,2019-09-05,-3.690821,40.452678
PEATON - BICI,2/200,6,33599,110,1963-12-30,-3.690766,40.452675
PEATON - BICI,2/200,6,33600,110,1963-12-30,-3.690435,40.452705
PEATON - BICI,2/200,6,33601,110,1963-12-30,-3.690508,40.452660
PEATON - BICI,2/200,6,33602,110,1963-12-30,-3.690462,40.452658
PEATON - BICI,2/200,6,33609,110,1963-12-30,-3.691460,40.452156
PEATON - BICI,2/200,6,33610,110,2019-09-05,-3.691464,40.452094
PEATON - BICI,2/200,6,33611,110,1963-12-30,-3.691457,40.452192
PEATON - BICI,2/200,6,33612,110,2019-09-05,-3.691443,40.452256
PEATON - BICI,2/200,6,33615,110,1963-12-30,-3.690535,40.451515
PEATON - BICI,2/200,6,33616,110,1963-12-30,-3.690572,40.451517
PEATON - BICI,2/200,6,33617,110,1963-12-30,-3.690621,40.451519
PEATON - BICI,2/200,6,33618,110,1963-12-30,-3.690882,40.451535
PEATON - BICI,2/200,6,33619,110,2019-09-05,-3.690927,40.451538
PEATON - BICI,2/200,6,33620,110,2019-09-05,-3.690956,40.451539
PEATON - BICI,2/200,6,33621,110,2019-09-05,-3.691148,40.451591
PEATON - BICI,2/200,6,33622,110,2019-09-05,-3.691185,40.451593
PEATON - BICI,2/200,15,34102,398,1970-05-14,-3.646687,40.438235
PEATON - BICI,2/200,15,34103,398,1970-05-14,-3.646712,40.438124
PEATON - BICI,2/200,15,34136,532,1972-10-28,-3.642147,40.441053
PEATON - BICI,2/200,15,34137,532,1972-10-28,-3.642020,40.441006
PEATON - BICI,2/200,10,34481,2039,2021-04-06,-3.757566,40.398713
PEATON - BICI,2/200,10,34482,2039,2007-12-13,-3.757670,40.398582
BICI,3/200,14,34685,635,1974-11-11,-3.657890,40.410777
PEATON - BICI,2/200,17,34811,1766,2019-02-13,-3.706674,40.341414
PEATON - BICI,2/200,17,34813,1766,2019-02-13,-3.706532,40.341455
PEATON - BICI,2/200,17,34819,1764,2019-11-11,-3.705103,40.341389
PEATON - BICI,2/200,17,34823,1764,2019-11-11,-3.704963,40.341045
PEATON - BICI,2/200,17,34925,1765,2003-08-07,-3.692833,40.345532
PEATON - BICI,2/200,17,34926,1765,2003-08-07,-3.693096,40.345557
PEATON - BICI,2/200,17,34984,769,2016-06-15,-3.704696,40.350521
PEATON - BICI,2/200,17,34985,769,2016-06-15,-3.704432,40.350479
PEATON - BICI,2/200,17,35037,783,1978-01-01,-3.693747,40.351366
PEATON - BICI,2/200,17,35038,783,1978-01-01,-3.693737,40.351328
PEATON - BICI,2/200,17,35039,783,1978-01-01,-3.693732,40.351237
PEATON - BICI,2/200,17,35040,783,1978-01-01,-3.693755,40.351161
PEATON - BICI,2/200,17,35147,396,1970-01-15,-3.693744,40.361022
PEATON - BICI,2/200,17,35148,396,2021-07-06,-3.693737,40.360917
PEATON - BICI,2/200,17,35161,396,1970-01-15,-3.693847,40.361504
PEATON - BICI,2/200,17,35162,396,1970-01-15,-3.693844,40.361451
PEATON - BICI,2/200,17,35197,1778,2019-02-22,-3.683596,40.355071
PEATON - BICI,2/200,17,35198,1778,2019-02-22,-3.683535,40.355055
PEATON - BICI,2/200,12,35231,1918,2005-12-16,-3.698064,40.365094
PEATON - BICI,2/200,12,35232,1918,2005-12-16,-3.698071,40.365053
PEATON - BICI,2/200,17,35235,1057,2018-12-18,-3.699976,40.362562
PEATON - BICI,2/200,17,35236,1057,1982-05-26,-3.699988,40.362542
PEATON - BICI,2/200,17,35241,4718,2018-12-18,-3.699480,40.363335
PEATON - BICI,2/200,17,35242,4718,2018-12-18,-3.699493,40.363313
BICI,3/200,14,35261,676,1975-10-20,-3.646015,40.408358
PEATON - BICI,2/200,14,35263,676,1975-10-20,-3.646092,40.408120
PEATON - BICI,2/200,14,35270,675,1975-10-20,-3.647592,40.409032
PEATON - BICI,2/200,14,35274,675,1975-10-20,-3.647762,40.408730
PEATON - BICI,2/200,14,35279,570,1973-05-23,-3.649703,40.409757
PEATON - BICI,2/200,14,35281,642,1974-12-02,-3.652431,40.410554
PEATON - BICI,2/200,14,35285,642,1974-12-02,-3.652467,40.410194
PEATON - BICI,2/200,14,35292,599,1973-10-26,-3.655716,40.410410
PEATON - BICI,2/200,14,35294,599,1973-10-26,-3.655053,40.410797
PEATON - BICI,2/200,14,35296,599,1973-10-26,-3.655274,40.410984
PEATON - BICI,2/200,14,35307,635,1974-11-11,-3.657933,40.410759
PEATON - BICI,2/200,14,35308,635,1974-11-11,-3.657933,40.410662
PEATON - BICI,2/200,14,35309,635,1974-11-11,-3.657932,40.410627
PEATON - BICI,2/200,14,35310,635,1974-11-11,-3.657931,40.410529
PEATON - BICI,2/200,3,35417,144,2015-11-17,-3.670812,40.406686
PEATON - BICI,2/200,3,35432,144,2015-11-18,-3.670323,40.406081
PEATON - BICI,2/200,3,35435,144,2015-11-18,-3.670532,40.406185
PEATON - BICI,2/200,3,35449,303,1968-05-25,-3.672309,40.404329
PEATON - BICI,2/200,3,35450,303,1968-05-25,-3.672083,40.404423
PEATON - BICI,2/200,3,35451,303,1968-05-25,-3.672018,40.404389
PEATON - BICI,2/200,3,35452,303,1968-05-25,-3.671970,40.404365
PEATON - BICI,2/200,3,35453,303,2015-01-13,-3.671905,40.404329
PEATON - BICI,2/200,3,35454,303,1968-05-25,-3.671954,40.404160
PEATON - BICI,2/200,3,35455,303,1968-05-25,-3.672008,40.404100
PEATON - BICI,2/200,3,35512,318,2015-01-13,-3.672874,40.403145
PEATON - BICI,2/200,3,35513,318,2015-01-13,-3.672887,40.403131
PEATON - BICI,2/200,9,35830,387,2020-01-09,-3.729569,40.456246
PEATON - BICI,2/200,9,35831,387,2020-01-09,-3.729527,40.456266
PEATON - BICI,2/200,9,35832,387,2024-12-23,-3.729399,40.456273
PEATON - BICI,2/200,9,35833,387,2020-01-09,-3.729333,40.456261
PEATON - BICI,2/200,9,35846,1439,2019-12-24,-3.727382,40.445869
PEATON - BICI,2/200,9,35847,1439,2019-12-24,-3.727422,40.445951
PEATON - BICI,2/200,9,35869,195,1966-10-01,-3.725883,40.439837
PEATON - BICI,2/200,9,35870,195,1966-10-01,-3.725855,40.439755
PEATON - BICI,2/200,16,36131,1906,2005-10-17,-3.658244,40.500657
PEATON - BICI,2/200,16,36132,1906,2005-10-17,-3.658279,40.500692
PEATON - BICI,2/200,16,36133,1906,2005-10-17,-3.658284,40.500831
PEATON - BICI,2/200,16,36134,1906,2005-10-17,-3.658314,40.500860
PEATON - BICI,2/200,16,36135,1906,2005-10-17,-3.659237,40.500183
PEATON - BICI,2/200,16,36136,1906,2005-10-17,-3.659195,40.500154
PEATON - BICI,2/200,16,36137,1906,2005-10-17,-3.659124,40.500011
PEATON - BICI,2/200,16,36138,1906,2005-10-17,-3.659091,40.499984
PEATON - BICI,2/200,16,36139,1906,2005-10-17,-3.658156,40.500166
PEATON - BICI,2/200,16,36140,1906,2005-10-17,-3.658220,40.500109
PEATON - BICI,2/200,16,36141,1906,2005-10-17,-3.658390,40.500100
PEATON - BICI,2/200,16,36142,1906,2005-10-17,-3.658459,40.500039
PEATON - BICI,2/200,16,36151,1931,2006-03-01,-3.654740,40.497693
PEATON - BICI,2/200,16,36152,1931,2006-03-01,-3.654672,40.497754
PEATON - BICI,2/200,16,36153,1931,2006-03-01,-3.654605,40.497817
PEATON - BICI,2/200,16,36154,1931,2006-03-01,-3.654513,40.497903
PEATON - BICI,2/200,16,36159,1931,2006-03-01,-3.654381,40.496950
PEATON - BICI,2/200,16,36160,1931,2006-03-01,-3.654420,40.496975
PEATON - BICI,2/200,16,36161,1931,2006-03-01,-3.654470,40.497109
PEATON - BICI,2/200,16,36162,1931,2006-03-01,-3.654531,40.497147
PEATON - BICI,2/200,16,36163,1931,2006-03-01,-3.653495,40.497223
PEATON - BICI,2/200,16,36164,1931,2006-03-01,-3.653558,40.497164
PEATON - BICI,2/200,16,36165,1931,2006-03-01,-3.653632,40.497097
PEATON - BICI,2/200,16,36166,1931,2006-03-01,-3.653699,40.497035
PEATON - BICI,2/200,16,36167,1936,2006-03-08,-3.657894,40.494640
PEATON - BICI,2/200,16,36168,1936,2006-03-08,-3.657862,40.494670
PEATON - BICI,2/200,16,36169,1936,2006-03-08,-3.657689,40.494710
PEATON - BICI,2/200,16,36170,1936,2006-03-08,-3.657651,40.494744
PEATON - BICI,2/200,16,36171,1936,2006-03-08,-3.656995,40.494841
PEATON - BICI,2/200,16,36172,1936,2006-03-08,-3.656955,40.494816
PEATON - BICI,2/200,16,36173,1936,2006-03-08,-3.656908,40.494676
PEATON - BICI,2/200,16,36174,1936,2006-03-08,-3.656864,40.494648
PEATON - BICI,2/200,16,36175,1932,2006-03-01,-3.650478,40.495000
PEATON - BICI,2/200,16,36176,1932,2006-03-01,-3.650418,40.495061
PEATON - BICI,2/200,16,36177,1932,2006-03-01,-3.650415,40.495179
PEATON - BICI,2/200,16,36178,1932,2006-03-01,-3.650355,40.495239
PEATON - BICI,2/200,16,36179,1932,2006-03-01,-3.650113,40.494040
PEATON - BICI,2/200,16,36180,1932,2006-03-01,-3.650194,40.494086
PEATON - BICI,2/200,16,36181,1932,2006-03-01,-3.650331,40.494100
PEATON - BICI,2/200,16,36182,1932,2006-03-01,-3.650411,40.494146
PEATON - BICI,2/200,16,36183,1932,2006-03-01,-3.648897,40.494282
PEATON - BICI,2/200,16,36184,1932,2006-03-01,-3.648961,40.494228
PEATON - BICI,2/200,16,36185,1932,2006-03-01,-3.648980,40.494116
PEATON - BICI,2/200,16,36186,1932,2006-03-01,-3.649049,40.494060
PEATON - BICI,2/200,16,36187,1936,2006-03-08,-3.657775,40.494152
PEATON - BICI,2/200,16,36188,1936,2006-03-08,-3.657715,40.494114
PEATON - BICI,2/200,16,36189,1936,2006-03-08,-3.657670,40.493978
PEATON - BICI,2/200,16,36190,1936,2006-03-08,-3.657627,40.493950
PEATON - BICI,2/200,16,36195,2032,2025-04-30,-3.647801,40.493045
PEATON - BICI,2/200,16,36196,2032,2025-04-30,-3.647909,40.492988
PEATON - BICI,2/200,16,36201,1933,2006-03-01,-3.660237,40.491848
PEATON - BICI,2/200,16,36202,1933,2006-03-01,-3.660202,40.491825
PEATON - BICI,2/200,16,36203,1933,2006-03-01,-3.660150,40.491686
PEATON - BICI,2/200,16,36204,1933,2006-03-01,-3.660108,40.491660
PEATON - BICI,2/200,16,36217,1933,2006-03-01,-3.659968,40.491156
PEATON - BICI,2/200,16,36218,1933,2006-03-01,-3.660031,40.491096
PEATON - BICI,2/200,16,36219,1933,2006-03-01,-3.660194,40.491083
PEATON - BICI,2/200,16,36220,1933,2006-03-01,-3.660259,40.491023
PEATON - BICI,2/200,16,36271,1930,2006-03-01,-3.652062,40.486673
PEATON - BICI,2/200,16,36272,1930,2006-03-01,-3.652024,40.486662
PEATON - BICI,2/200,16,36527,1307,1992-02-27,-3.638903,40.476082
PEATON - BICI,2/200,16,36528,1307,1992-02-27,-3.638823,40.476060
PEATON - BICI,2/200,13,31715,2078,2009-06-16,-3.668677,40.382634
PEATON - BICI,2/200,13,32312,1144,1987-05-18,-3.640402,40.394149
PEATON - BICI,2/200,13,32313,1144,1987-05-18,-3.640292,40.394103
PEATON - BICI,2/200,13,32314,1144,1987-05-18,-3.640188,40.394124
PEATON - BICI,2/200,13,32315,1144,1987-05-18,-3.640061,40.394110
PEATON - BICI,2/200,15,36847,254,1967-10-27,-3.657900,40.434728
PEATON - BICI,2/200,15,36851,254,1967-10-27,-3.658154,40.435024
PEATON - BICI,2/200,15,36863,488,1972-01-24,-3.656438,40.434607
PEATON - BICI,2/200,15,36864,488,1972-01-24,-3.656412,40.434718
PEATON - BICI,2/200,15,36901,479,1971-11-29,-3.649788,40.436588
PEATON - BICI,2/200,15,36902,479,1971-11-29,-3.649782,40.436645
PEATON - BICI,2/200,15,36907,479,1971-11-29,-3.649761,40.436452
PEATON - BICI,2/200,15,36908,479,1971-11-29,-3.649858,40.436475
PEATON - BICI,2/200,15,37021,664,1975-05-27,-3.637010,40.436871
PEATON - BICI,2/200,15,37027,659,1975-05-16,-3.636540,40.436238
PEATON - BICI,2/200,15,37029,659,1975-05-16,-3.636578,40.436112
PEATON - BICI,2/200,15,37030,659,1975-05-16,-3.636658,40.436080
PEATON - BICI,2/200,15,37031,659,1975-05-16,-3.636625,40.435876
PEATON - BICI,2/200,15,37032,659,1975-05-16,-3.636698,40.435839
PEATON - BICI,2/200,15,37034,659,1975-05-16,-3.636705,40.435657
PEATON - BICI,2/200,15,37040,512,1972-05-26,-3.635889,40.434540
PEATON - BICI,2/200,15,37042,512,1972-05-26,-3.635437,40.434762
PEATON - BICI,2/200,15,37064,655,1975-05-14,-3.634647,40.432827
PEATON - BICI,2/200,15,37071,656,1975-05-15,-3.633228,40.430955
PEATON - BICI,2/200,15,37077,656,1975-05-15,-3.632892,40.431187
PEATON - BICI,2/200,7,37263,251,2017-04-13,-3.697946,40.432436
PEATON - BICI,2/200,7,37264,251,2017-04-27,-3.697827,40.432334
PEATON - BICI,2/200,7,37276,1236,2017-04-14,-3.698239,40.433498
PEATON - BICI,2/200,7,37285,476,2017-06-10,-3.699046,40.434801
PEATON - BICI,2/200,7,37286,476,2017-06-10,-3.699097,40.434917
PEATON - BICI,2/200,7,53231,480,1971-11-30,-3.699245,40.435795
PEATON - BICI,2/200,7,37382,247,2017-05-08,-3.699635,40.436761
PEATON - BICI,2/200,14,37639,1747,2003-04-30,-3.625438,40.406441
PEATON - BICI,2/200,14,37640,1747,2003-04-30,-3.625438,40.406271
PEATON - BICI,2/200,18,37822,1793,2004-06-23,-3.613686,40.379666
PEATON - BICI,2/200,18,37823,1793,2004-06-23,-3.613488,40.379647
PEATON - BICI,2/200,18,37942,1796,2004-06-23,-3.606921,40.377404
PEATON - BICI,2/200,18,37943,1796,2004-06-23,-3.606966,40.377339
PEATON - BICI,2/200,18,37944,1796,2004-06-23,-3.606995,40.377294
PEATON - BICI,2/200,18,37945,1796,2004-06-23,-3.607041,40.377227
PEATON - BICI,2/200,4,37962,13,2014-05-07,-3.687704,40.425453
PEATON - BICI,2/200,4,38042,19,1960-01-01,-3.679777,40.421357
PEATON - BICI,2/200,4,38043,19,1960-01-01,-3.679971,40.421326
PEATON - BICI,2/200,4,38060,2226,1960-01-01,-3.678915,40.421561
PEATON - BICI,2/200,4,38061,2226,1960-01-01,-3.678958,40.421563
PEATON - BICI,2/200,4,38064,871,1978-01-01,-3.677522,40.421488
PEATON - BICI,2/200,4,38065,871,1978-01-01,-3.677545,40.421489
PEATON - BICI,2/200,4,38070,179,1966-06-11,-3.675949,40.421398
PEATON - BICI,2/200,4,38071,179,1966-06-11,-3.676078,40.421399
PEATON - BICI,2/200,4,38184,343,1969-03-17,-3.674407,40.421341
PEATON - BICI,2/200,4,38185,343,1969-03-17,-3.674377,40.421340
PEATON - BICI,2/200,4,38363,1216,2015-07-01,-3.662637,40.421155
PEATON - BICI,2/200,4,38364,1216,2015-07-14,-3.662504,40.421182
PEATON - BICI,2/200,4,38373,1900,2015-06-30,-3.661431,40.421246
PEATON - BICI,2/200,4,38374,1900,2015-06-30,-3.661321,40.421250
PEATON - BICI,2/200,15,38375,1019,1981-09-07,-3.655634,40.420887
PEATON - BICI,2/200,15,38376,1019,1981-09-07,-3.655664,40.420796
PEATON - BICI,2/200,15,38401,722,1977-03-10,-3.655890,40.422349
PEATON - BICI,2/200,15,38402,722,1977-03-10,-3.655939,40.422315
PEATON - BICI,2/200,14,38443,1578,1999-05-07,-3.652733,40.413731
PEATON - BICI,2/200,14,38444,1578,1999-05-07,-3.652734,40.413698
PEATON - BICI,2/200,14,38445,1578,1999-05-07,-3.652848,40.413504
PEATON - BICI,2/200,14,38446,1578,1999-05-07,-3.652905,40.413447
PEATON - BICI,2/200,14,38447,1578,1999-05-07,-3.652994,40.413335
PEATON - BICI,2/200,14,38448,1578,1999-05-07,-3.652834,40.413289
PEATON - BICI,2/200,10,38527,453,2018-02-22,-3.760141,40.386708
PEATON - BICI,2/200,10,38528,453,2018-02-22,-3.760090,40.386657
PEATON - BICI,2/200,10,38529,453,2018-02-22,-3.759812,40.386434
PEATON - BICI,2/200,10,38530,453,2018-02-22,-3.759771,40.386400
PEATON - BICI,2/200,10,38559,453,1971-07-28,-3.759838,40.385869
PEATON - BICI,2/200,10,38560,453,2018-02-22,-3.759995,40.385696
PEATON - BICI,2/200,10,38561,453,2018-02-22,-3.759997,40.385569
PEATON - BICI,2/200,10,38562,453,2018-02-22,-3.759884,40.385518
PEATON - BICI,2/200,11,38725,1969,2006-09-20,-3.762476,40.372684
PEATON - BICI,2/200,11,38726,1969,2006-09-20,-3.762509,40.372574
PEATON - BICI,2/200,10,38768,1810,2004-07-29,-3.765288,40.368529
PEATON - BICI,2/200,10,38770,1810,2004-07-29,-3.765453,40.368406
PEATON - BICI,2/200,11,38780,1789,2004-05-17,-3.763662,40.366332
PEATON - BICI,2/200,11,38810,443,1971-04-22,-3.737177,40.385349
PEATON - BICI,2/200,11,38812,443,1971-04-22,-3.737200,40.385157
PEATON - BICI,2/200,11,38813,1013,1981-07-24,-3.740808,40.383655
PEATON - BICI,2/200,11,38814,1013,1981-07-24,-3.740885,40.383718
PEATON - BICI,2/200,11,38815,1013,1981-07-24,-3.740988,40.383691
PEATON - BICI,2/200,11,38816,1013,1981-07-24,-3.741042,40.383653
PEATON - BICI,2/200,11,38863,1069,1983-02-09,-3.742347,40.382881
PEATON - BICI,2/200,11,38864,1069,1983-02-09,-3.742354,40.382865
PEATON - BICI,2/200,11,38867,345,2019-06-06,-3.734969,40.386512
PEATON - BICI,2/200,11,38871,345,2019-06-06,-3.734784,40.386397
PEATON - BICI,2/200,11,38874,1841,2004-09-09,-3.733639,40.387163
PEATON - BICI,2/200,11,39044,1341,1992-09-25,-3.753353,40.376807
PEATON - BICI,2/200,11,39045,1341,1992-09-25,-3.753284,40.376769
PEATON - BICI,2/200,11,39060,1086,1983-12-09,-3.750670,40.375938
PEATON - BICI,2/200,11,39061,1086,1983-12-09,-3.750545,40.375906
PEATON - BICI,2/200,11,39112,2056,2008-08-22,-3.764228,40.363406
PEATON - BICI,2/200,11,39113,2056,2008-08-22,-3.764279,40.363493
PEATON - BICI,2/200,11,39118,1788,2022-03-24,-3.762410,40.364131
PEATON - BICI,2/200,11,39120,1788,2022-03-24,-3.762317,40.363816
PEATON - BICI,2/200,11,39121,1788,2022-03-24,-3.762397,40.363787
PEATON - BICI,2/200,11,39122,1788,2022-03-24,-3.762576,40.363723
PEATON - BICI,2/200,11,39123,1788,2022-03-24,-3.762664,40.363694
PEATON - BICI,2/200,11,39124,1788,2022-03-24,-3.762861,40.363878
PEATON - BICI,2/200,11,39126,2072,2009-03-26,-3.760675,40.364725
PEATON - BICI,2/200,11,39127,2072,2009-03-26,-3.760627,40.364647
PEATON - BICI,2/200,11,39130,1787,2022-03-24,-3.759945,40.362749
PEATON - BICI,2/200,11,39137,1787,2004-05-17,-3.759936,40.362333
PEATON - BICI,2/200,11,39142,1790,2022-02-24,-3.757847,40.362634
PEATON - BICI,2/200,11,39144,1790,2004-05-14,-3.757442,40.362546
PEATON - BICI,2/200,11,39145,1790,2022-02-24,-3.757448,40.362478
PEATON - BICI,2/200,11,39146,1790,2022-02-24,-3.757471,40.362331
PEATON - BICI,2/200,11,39147,1790,2004-05-14,-3.757481,40.362260
PEATON - BICI,2/200,11,39148,1790,2022-02-24,-3.757771,40.362201
PEATON - BICI,2/200,11,39150,1786,2004-05-14,-3.756103,40.362539
PEATON - BICI,2/200,11,39157,1786,2022-02-21,-3.756084,40.362114
PEATON - BICI,2/200,11,39158,1807,2022-02-24,-3.754271,40.362082
PEATON - BICI,2/200,11,39159,1807,2004-07-29,-3.754265,40.362154
PEATON - BICI,2/200,11,39160,1807,2022-02-24,-3.754257,40.362305
PEATON - BICI,2/200,11,39161,1807,2004-07-29,-3.754251,40.362375
PEATON - BICI,2/200,11,39162,1807,2022-02-24,-3.753898,40.362480
PEATON - BICI,2/200,11,39164,1807,2004-07-29,-3.753693,40.362471
PEATON - BICI,2/200,11,39170,1807,2022-02-24,-3.753755,40.361845
PEATON - BICI,2/200,11,39188,1815,2022-01-15,-3.751654,40.362295
PEATON - BICI,2/200,11,39195,1815,2004-07-29,-3.751648,40.361875
PEATON - BICI,2/200,11,39196,1817,2022-02-24,-3.748244,40.362804
PEATON - BICI,2/200,11,39197,1817,2022-02-24,-3.748269,40.362876
PEATON - BICI,2/200,11,39198,1817,2022-02-24,-3.748022,40.362988
PEATON - BICI,2/200,11,39204,1817,2022-02-24,-3.747790,40.362598
PEATON - BICI,2/200,11,39206,1817,2022-02-24,-3.748153,40.362589
PEATON - BICI,2/200,11,39207,1817,2022-02-24,-3.748186,40.362663
PEATON - BICI,2/200,11,39208,1814,2004-07-29,-3.743943,40.363934
PEATON - BICI,2/200,11,39209,1814,2018-10-01,-3.743906,40.363968
PEATON - BICI,2/200,11,39223,1814,2018-10-01,-3.744000,40.363572
PEATON - BICI,2/200,11,39225,1814,2018-10-01,-3.744048,40.363796
PEATON - BICI,2/200,11,39250,1333,1992-08-13,-3.741884,40.373090
PEATON - BICI,2/200,11,39251,1333,2020-01-23,-3.741957,40.373085
PEATON - BICI,2/200,11,39252,1333,1992-08-13,-3.742039,40.373082
PEATON - BICI,2/200,11,39253,1333,1992-08-13,-3.742154,40.373081
PEATON - BICI,2/200,11,39306,1332,1992-08-13,-3.738617,40.373606
PEATON - BICI,2/200,11,39307,1332,1992-08-13,-3.738734,40.373592
PEATON - BICI,2/200,11,39328,1010,2021-12-15,-3.734335,40.373222
PEATON - BICI,2/200,11,39329,1010,2021-12-15,-3.734360,40.373294
PEATON - BICI,2/200,11,39330,1010,2021-12-15,-3.734463,40.373301
PEATON - BICI,2/200,11,39331,1010,2021-12-15,-3.734549,40.373325
PEATON - BICI,2/200,11,39336,1947,2006-04-06,-3.731413,40.373293
PEATON - BICI,2/200,11,39337,1947,2006-04-06,-3.731200,40.373278
PEATON - BICI,2/200,11,39346,797,1993-05-15,-3.726357,40.373194
PEATON - BICI,2/200,11,39347,797,2021-12-01,-3.726156,40.373195
PEATON - BICI,2/200,11,39354,1328,2022-02-15,-3.722810,40.373425
PEATON - BICI,2/200,11,39355,1328,1992-07-23,-3.722745,40.373427
PEATON - BICI,2/200,11,39358,1328,1992-07-23,-3.721809,40.373473
PEATON - BICI,2/200,11,39359,1328,2022-02-15,-3.721767,40.373459
PEATON - BICI,2/200,4,39526,156,1966-01-08,-3.686359,40.435156
PEATON - BICI,2/200,4,39533,155,1966-01-05,-3.686534,40.433066
PEATON - BICI,2/200,4,39534,155,1966-01-05,-3.686543,40.432944
PEATON - BICI,2/200,4,39540,1962,2006-07-11,-3.686650,40.431710
PEATON - BICI,2/200,2,39616,2209,2015-02-17,-3.706896,40.397542
PEATON - BICI,2/200,2,39617,2209,2015-02-17,-3.706901,40.397458
PEATON - BICI,2/200,2,39628,1141,1987-05-09,-3.704390,40.397039
PEATON - BICI,2/200,2,39629,1141,1987-05-09,-3.704447,40.397092
PEATON - BICI,2/200,2,39632,1141,1987-05-09,-3.704001,40.397049
PEATON - BICI,2/200,2,39633,1141,1987-05-09,-3.704025,40.396979
PEATON - BICI,2/200,2,39660,1434,2015-05-19,-3.704638,40.401098
PEATON - BICI,2/200,2,39661,1434,2015-05-19,-3.704502,40.401156
PEATON - BICI,2/200,2,39680,1140,1987-05-09,-3.708730,40.398493
PEATON - BICI,2/200,2,39681,1140,1987-05-09,-3.708757,40.398462
PEATON - BICI,2/200,2,39682,859,1978-01-01,-3.711014,40.399583
PEATON - BICI,2/200,2,39683,859,1978-01-01,-3.711022,40.399681
PEATON - BICI,2/200,4,40269,154,1966-01-04,-3.687205,40.427875
PEATON - BICI,2/200,18,40464,2037,2007-12-05,-3.598929,40.363690
PEATON - BICI,2/200,18,40465,2037,2007-12-05,-3.598959,40.363663
PEATON - BICI,2/200,18,40466,2037,2007-12-05,-3.599027,40.363582
PEATON - BICI,2/200,18,40467,2037,2007-12-05,-3.599097,40.363392
PEATON - BICI,2/200,18,40468,2037,2007-12-05,-3.599160,40.363306
PEATON - BICI,2/200,18,40469,2037,2007-12-05,-3.599185,40.363279
PEATON - BICI,2/200,13,40542,1603,2025-05-07,-3.630341,40.382929
PEATON - BICI,2/200,20,40659,654,1975-05-14,-3.632534,40.430006
PEATON - BICI,2/200,20,40660,654,1975-05-14,-3.632355,40.429839
PEATON - BICI,2/200,20,40661,654,1975-05-14,-3.632274,40.429874
PEATON - BICI,2/200,20,40662,654,1975-05-14,-3.632233,40.429970
PEATON - BICI,2/200,20,40663,654,1975-05-14,-3.632153,40.430012
PEATON - BICI,2/200,20,40665,654,1975-05-14,-3.632171,40.430192
PEATON - BICI,2/200,20,40671,657,1975-05-15,-3.631878,40.429080
PEATON - BICI,2/200,20,40673,660,1975-05-20,-3.630785,40.427822
PEATON - BICI,2/200,20,40675,660,1975-05-20,-3.630642,40.427930
PEATON - BICI,2/200,20,40676,660,1975-05-20,-3.630499,40.427896
PEATON - BICI,2/200,20,40686,658,1975-05-16,-3.629332,40.426267
PEATON - BICI,2/200,20,40692,658,1975-05-16,-3.629733,40.426077
PEATON - BICI,2/200,20,40704,663,1975-05-25,-3.627888,40.424951
PEATON - BICI,2/200,20,40706,663,1975-05-25,-3.627694,40.424886
PEATON - BICI,2/200,20,40709,663,1975-05-25,-3.629062,40.424276
PEATON - BICI,2/200,20,40711,663,1975-05-25,-3.628707,40.424041
PEATON - BICI,2/200,20,40712,663,1975-05-25,-3.627919,40.424027
PEATON - BICI,2/200,20,40713,663,1975-05-25,-3.627831,40.424063
PEATON - BICI,2/200,6,40750,305,2015-02-19,-3.696576,40.452324
PEATON - BICI,2/200,6,40751,305,2015-02-19,-3.696530,40.452320
PEATON - BICI,2/200,6,40754,306,2014-12-04,-3.694925,40.452223
PEATON - BICI,2/200,6,40755,306,2014-12-04,-3.695082,40.452231
PEATON - BICI,2/200,16,40859,1215,1990-07-30,-3.626718,40.451452
PEATON - BICI,2/200,16,40861,1215,1990-07-30,-3.626542,40.451475
PEATON - BICI,2/200,16,40863,1215,1990-07-30,-3.626078,40.450830
PEATON - BICI,2/200,16,40869,1215,1990-07-30,-3.626854,40.450743
PEATON - BICI,2/200,16,40871,2033,2007-10-19,-3.647306,40.485193
PEATON - BICI,2/200,16,40872,2033,2007-10-19,-3.647190,40.485146
PEATON - BICI,2/200,16,40873,2033,2007-10-19,-3.647092,40.485107
PEATON - BICI,2/200,16,40874,2033,2007-10-19,-3.646988,40.485065
PEATON - BICI,2/200,16,40875,2115,2010-11-08,-3.648546,40.483943
PEATON - BICI,2/200,16,40876,2115,2010-11-08,-3.648538,40.483903
PEATON - BICI,2/200,16,40877,2115,2010-11-08,-3.648360,40.483836
PEATON - BICI,2/200,16,40878,2115,2010-11-08,-3.648253,40.483788
PEATON - BICI,2/200,16,40879,2115,2010-11-08,-3.648160,40.483745
PEATON - BICI,2/200,16,40880,2115,2010-11-08,-3.648087,40.483713
PEATON - BICI,2/200,16,40881,2009,2007-06-01,-3.658974,40.490320
PEATON - BICI,2/200,16,40882,2009,2007-06-01,-3.659063,40.490226
PEATON - BICI,2/200,16,40883,2009,2007-06-01,-3.659123,40.490029
PEATON - BICI,2/200,16,40884,2009,2007-06-01,-3.659030,40.490051
PEATON - BICI,2/200,4,40893,153,1966-01-03,-3.688154,40.422525
PEATON - BICI,2/200,4,40894,17,1960-01-01,-3.687924,40.423979
BICI,3/100,6,41231,1714,2002-06-12,-3.690831,40.454514
PEATON - BICI,2/200,2,43278,1423,1995-06-29,-3.713453,40.403143
PEATON - BICI,2/200,2,43279,1423,1995-06-29,-3.713358,40.403117
PEATON - BICI,2/200,2,43280,1423,1995-06-29,-3.713234,40.403165
PEATON - BICI,2/200,2,43281,1423,1995-06-29,-3.713134,40.403138
PEATON - BICI,2/200,2,43316,775,1978-01-01,-3.716543,40.404397
PEATON - BICI,2/200,2,43317,775,1978-01-01,-3.715950,40.404150
PEATON - BICI,2/200,2,43318,775,2019-07-26,-3.715871,40.404251
PEATON - BICI,2/200,20,43378,1590,1999-06-22,-3.606373,40.435096
PEATON - BICI,2/200,20,43379,1590,1999-06-22,-3.606442,40.435042
PEATON - BICI,2/200,20,43380,1590,1999-06-22,-3.606380,40.434888
PEATON - BICI,2/200,20,43381,1590,1999-06-22,-3.606365,40.434818
PEATON - BICI,2/200,20,43382,1590,1999-06-22,-3.606490,40.434732
PEATON - BICI,2/200,20,43383,1590,1999-06-22,-3.606565,40.434698
PEATON - BICI,2/200,20,43384,1590,1999-06-22,-3.606252,40.434736
PEATON - BICI,2/200,20,43385,1590,1999-06-22,-3.606197,40.434704
PEATON - BICI,2/200,20,43390,1685,2001-06-29,-3.610984,40.419643
PEATON - BICI,2/200,20,43392,1685,2001-06-29,-3.611142,40.419631
PEATON - BICI,2/200,16,43412,2130,2025-02-24,-3.655627,40.465260
PEATON - BICI,2/200,16,43413,2130,2025-02-24,-3.655718,40.465317
PEATON - BICI,2/200,4,43442,879,2024-09-26,-3.660939,40.440906
PEATON - BICI,2/200,4,43443,879,2024-09-26,-3.660927,40.440769
PEATON - BICI,2/200,4,43444,879,2024-09-26,-3.660912,40.440739
PEATON - BICI,2/200,4,43445,879,2024-09-26,-3.660883,40.440674
PEATON - BICI,2/200,4,43467,690,2024-09-27,-3.660652,40.438321
PEATON - BICI,2/200,4,43468,690,1976-07-02,-3.660686,40.438388
PEATON - BICI,2/200,4,43469,690,1976-07-02,-3.660759,40.438480
PEATON - BICI,2/200,4,43470,690,1976-07-02,-3.660774,40.438587
PEATON - BICI,2/200,15,43592,655,1975-05-14,-3.634259,40.433065
PEATON - BICI,2/200,11,43928,1338,1992-09-10,-3.746794,40.374840
PEATON - BICI,2/200,11,43929,1338,2020-09-22,-3.746747,40.374801
PEATON - BICI,2/200,9,44131,978,2019-04-14,-3.727484,40.448568
PEATON - BICI,2/200,9,44132,978,2019-04-14,-3.727407,40.448513
PEATON - BICI,2/200,9,44133,978,2019-04-14,-3.727494,40.448360
PEATON - BICI,2/200,9,44134,978,2019-04-14,-3.727512,40.448277
PEATON - BICI,2/200,9,44135,978,2019-04-14,-3.728526,40.448131
PEATON - BICI,2/200,9,44136,978,2019-04-14,-3.728546,40.448243
PEATON - BICI,2/200,9,44137,978,2019-04-14,-3.728523,40.448304
PEATON - BICI,2/200,9,44138,978,2019-04-14,-3.728446,40.448411
PEATON - BICI,2/200,9,44139,978,2019-04-14,-3.728022,40.447844
PEATON - BICI,2/200,9,44140,978,2019-04-14,-3.727961,40.447851
PEATON - BICI,2/200,9,44141,978,2019-04-14,-3.727917,40.447855
PEATON - BICI,2/200,9,44142,978,2019-04-14,-3.727856,40.447861
PEATON - BICI,2/200,8,44288,1638,2000-06-28,-3.730060,40.486788
PEATON - BICI,2/200,8,44289,1638,2000-06-28,-3.730004,40.486724
PEATON - BICI,2/200,8,44299,2024,2021-02-15,-3.733444,40.485148
PEATON - BICI,2/200,8,44300,2024,2007-09-17,-3.733509,40.485069
PEATON - BICI,2/200,8,44309,1640,2000-06-28,-3.723027,40.491562
PEATON - BICI,2/200,8,44310,1640,2000-06-28,-3.723080,40.491536
PEATON - BICI,2/200,8,44311,1640,2000-06-28,-3.723178,40.491552
PEATON - BICI,2/200,8,44312,1640,2000-06-28,-3.723221,40.491509
PEATON - BICI,2/200,8,44313,1640,2000-06-28,-3.723775,40.491403
PEATON - BICI,2/200,8,44314,1640,2000-06-28,-3.723853,40.491452
PEATON - BICI,2/200,8,44315,1640,2000-06-28,-3.723115,40.492124
PEATON - BICI,2/200,8,44316,1640,2000-06-28,-3.723038,40.492076
PEATON - BICI,2/200,8,44318,2046,2008-03-24,-3.719254,40.496360
PEATON - BICI,2/200,8,44320,2046,2008-03-24,-3.719060,40.496259
PEATON - BICI,2/200,8,44321,2046,2008-03-24,-3.718991,40.495760
PEATON - BICI,2/200,8,44322,2046,2008-03-24,-3.718979,40.495864
PEATON - BICI,2/200,8,44323,2046,2008-03-24,-3.719073,40.495525
PEATON - BICI,2/200,8,44324,2046,2008-03-24,-3.719181,40.495449
PEATON - BICI,2/200,8,44327,2046,2008-03-24,-3.719829,40.495445
PEATON - BICI,2/200,8,44328,2046,2008-03-24,-3.719737,40.495405
PEATON - BICI,2/200,8,44354,843,2015-10-29,-3.740753,40.476845
PEATON - BICI,2/200,8,44355,843,2015-10-29,-3.740772,40.476741
PEATON - BICI,2/200,8,44361,1421,2016-02-19,-3.742082,40.475517
PEATON - BICI,2/200,8,44362,1421,2016-02-19,-3.742106,40.475461
PEATON - BICI,2/200,14,44448,1742,2003-01-30,-3.629500,40.410468
PEATON - BICI,2/200,14,44449,1742,2003-01-30,-3.629454,40.410400
PEATON - BICI,2/200,15,45129,665,1975-06-09,-3.650023,40.426632
PEATON - BICI,2/200,15,45130,665,1975-06-09,-3.650053,40.426571
PEATON - BICI,2/200,15,45154,881,1978-06-21,-3.639215,40.422984
PEATON - BICI,2/200,15,45155,881,1978-06-21,-3.639179,40.423007
PEATON - BICI,2/200,15,45156,881,1978-06-21,-3.639036,40.423058
PEATON - BICI,2/200,15,45157,881,1978-06-21,-3.638966,40.423032
BICI,3/100,15,45158,881,1978-06-21,-3.638717,40.423134
BICI,3/200,2,45399,413,2018-02-26,-3.698215,40.393249
BICI,3/100,2,45400,413,2018-02-26,-3.698375,40.393403
PEATON - BICI,2/200,20,46066,1760,2003-07-18,-3.635240,40.447276
PEATON - BICI,2/200,20,46067,1760,2003-07-18,-3.635234,40.447190
PEATON - BICI,2/200,8,46193,1832,2004-08-02,-3.661510,40.502431
PEATON - BICI,2/200,8,46194,1832,2004-08-02,-3.661547,40.502373
PEATON - BICI,2/200,8,46299,1818,2004-08-02,-3.667286,40.511556
PEATON - BICI,2/200,8,46300,1818,2004-08-02,-3.667372,40.511455
PEATON - BICI,2/200,8,46301,1818,2004-08-02,-3.667135,40.511132
PEATON - BICI,2/200,8,46302,1818,2004-08-02,-3.667059,40.511080
PEATON - BICI,2/200,8,46303,1818,2004-08-02,-3.666971,40.511018
PEATON - BICI,2/200,8,46304,1818,2004-08-02,-3.666890,40.510961
PEATON - BICI,2/200,8,46305,1818,2004-08-02,-3.666431,40.510824
PEATON - BICI,2/200,8,46306,1818,2004-08-02,-3.666321,40.510898
PEATON - BICI,2/200,10,46483,1011,1981-07-02,-3.729779,40.402571
PEATON - BICI,2/200,10,46484,1011,1981-07-02,-3.729869,40.402541
PEATON - BICI,2/200,10,46485,1011,1981-07-02,-3.729969,40.402404
PEATON - BICI,2/200,10,46486,1011,1981-07-02,-3.730069,40.402376
PEATON - BICI,2/200,10,46599,1996,2007-05-04,-3.729790,40.414664
PEATON - BICI,2/200,10,46600,1996,2007-05-04,-3.729900,40.414623
PEATON - BICI,2/200,8,46691,2053,2008-07-09,-3.713898,40.503293
PEATON - BICI,2/200,8,46692,2053,2008-07-09,-3.713881,40.503349
PEATON - BICI,2/200,4,46694,49,1960-01-01,-3.686420,40.437375
PEATON - BICI,2/200,10,47279,1745,2003-02-11,-3.760102,40.384166
PEATON - BICI,2/200,10,47280,1745,2003-02-11,-3.759959,40.384270
PEATON - BICI,2/200,15,47357,2098,2025-05-07,-3.645891,40.439440
PEATON - BICI,2/200,15,47358,2098,2025-05-07,-3.645806,40.439401
PEATON - BICI,2/200,15,47359,2098,2025-05-07,-3.645838,40.439328
PEATON - BICI,2/200,15,47360,2098,2025-05-07,-3.645865,40.439293
PEATON - BICI,2/200,15,47399,620,1974-05-13,-3.647358,40.426832
PEATON - BICI,2/200,2,47598,469,1971-11-12,-3.698916,40.401318
PEATON - BICI,2/200,2,47599,469,1971-11-12,-3.699033,40.401370
PEATON - BICI,2/200,2,47600,469,1971-11-12,-3.699436,40.401345
PEATON - BICI,2/200,2,47601,469,1971-11-12,-3.699484,40.401281
PEATON - BICI,2/200,2,47602,469,1971-11-12,-3.699548,40.401171
PEATON - BICI,2/200,2,47603,469,1971-11-12,-3.699615,40.401103
PEATON - BICI,2/200,13,47803,1654,2000-12-05,-3.659594,40.376487
PEATON - BICI,2/200,13,47804,1654,2000-12-05,-3.659614,40.376443
PEATON - BICI,2/200,13,47805,1654,2000-12-05,-3.659626,40.376409
PEATON - BICI,2/200,13,47806,1654,2000-12-05,-3.659647,40.376368
PEATON - BICI,2/200,20,48117,1156,1987-11-13,-3.624367,40.417265
PEATON - BICI,2/200,20,48119,1156,1987-11-13,-3.623944,40.417037
PEATON - BICI,2/200,20,48120,1157,1987-11-13,-3.623722,40.416838
PEATON - BICI,2/200,20,48121,1157,1987-11-13,-3.623609,40.416839
PEATON - BICI,2/200,20,48123,1157,1987-11-13,-3.622910,40.416902
PEATON - BICI,2/200,20,48125,1157,1987-11-13,-3.622735,40.416947
PEATON - BICI,2/200,20,48127,1157,1987-11-13,-3.622264,40.417287
PEATON - BICI,2/200,20,48132,1156,1987-11-13,-3.623761,40.418460
PEATON - BICI,2/200,20,48133,1156,1987-11-13,-3.623844,40.418403
PEATON - BICI,2/200,20,48135,1156,1987-11-13,-3.624027,40.418199
PEATON - BICI,2/200,20,48137,1156,1987-11-13,-3.624321,40.417893
PEATON - BICI,2/200,16,48147,1781,2025-01-22,-3.659075,40.487042
PEATON - BICI,2/200,16,48148,1781,2025-01-22,-3.659050,40.487027
PEATON - BICI,2/200,16,48149,1781,2025-01-22,-3.658987,40.486970
PEATON - BICI,2/200,16,48152,1781,2025-01-22,-3.658882,40.486863
PEATON - BICI,2/200,16,48153,1781,2025-01-22,-3.659008,40.486692
PEATON - BICI,2/200,16,48154,1781,2025-01-22,-3.659066,40.486653
PEATON - BICI,2/200,16,48155,1930,2006-03-01,-3.651852,40.486731
PEATON - BICI,2/200,16,48156,1930,2006-03-01,-3.651807,40.486711
PEATON - BICI,2/200,16,48157,1930,2006-03-01,-3.651549,40.486798
PEATON - BICI,2/200,16,48158,1930,2006-03-01,-3.651461,40.486748
PEATON - BICI,2/200,16,48159,1930,2006-03-01,-3.651034,40.486818
PEATON - BICI,2/200,16,48160,1930,2006-03-01,-3.650983,40.486911
PEATON - BICI,2/200,16,48161,1930,2006-03-01,-3.650828,40.486949
PEATON - BICI,2/200,16,48162,1930,2006-03-01,-3.650772,40.487050
PEATON - BICI,2/200,8,48175,1638,2000-06-28,-3.730014,40.486447
PEATON - BICI,2/200,8,48176,1638,2000-06-28,-3.730022,40.486323
PEATON - BICI,2/200,8,48177,2050,2008-06-13,-3.736078,40.484524
PEATON - BICI,2/200,8,48178,2050,2008-06-13,-3.735941,40.484527
PEATON - BICI,2/200,16,48187,2031,2007-10-19,-3.606057,40.452356
PEATON - BICI,2/200,16,48188,2031,2007-10-19,-3.605939,40.452289
PEATON - BICI,2/200,16,48200,1292,1991-11-29,-3.622132,40.454561
PEATON - BICI,2/200,16,48201,1292,1991-11-29,-3.622091,40.454500
PEATON - BICI,2/200,16,48202,1292,1991-11-29,-3.622168,40.454229
PEATON - BICI,2/200,16,48203,1292,1991-11-29,-3.622201,40.454216
PEATON - BICI,2/200,16,48204,1292,1991-11-29,-3.622697,40.453940
PEATON - BICI,2/200,16,48205,1292,1991-11-29,-3.622736,40.453924
PEATON - BICI,2/200,16,48206,1292,1991-11-29,-3.623144,40.454109
PEATON - BICI,2/200,16,48207,1292,1991-11-29,-3.623188,40.454165
PEATON - BICI,2/200,16,48211,2088,2009-09-24,-3.619403,40.455837
PEATON - BICI,2/200,16,48212,2088,2009-09-24,-3.619449,40.455801
PEATON - BICI,2/200,16,48215,1509,1997-12-10,-3.618164,40.457036
PEATON - BICI,2/200,16,48216,1509,1997-12-10,-3.618087,40.457000
PEATON - BICI,2/200,16,48217,1509,1997-12-10,-3.617631,40.457289
PEATON - BICI,2/200,16,48218,1509,1997-12-10,-3.617566,40.457275
PEATON - BICI,2/200,14,48258,1748,2003-04-30,-3.627892,40.398773
PEATON - BICI,2/200,14,48259,1748,2003-04-30,-3.627856,40.398881
PEATON - BICI,2/200,14,48280,1747,2003-04-30,-3.625450,40.406224
PEATON - BICI,2/200,14,48281,1747,2003-04-30,-3.625432,40.406486
PEATON - BICI,2/200,13,48291,716,1976-12-28,-3.663336,40.368562
PEATON - BICI,2/200,13,48292,716,1976-12-28,-3.663384,40.368570
PEATON - BICI,2/200,8,48297,2029,2007-09-17,-3.738546,40.479984
PEATON - BICI,2/200,8,48298,2029,2007-09-17,-3.738602,40.479939
PEATON - BICI,2/200,8,48299,2028,2007-09-17,-3.693630,40.505762
PEATON - BICI,2/200,8,48300,2028,2007-09-17,-3.693506,40.505701
PEATON - BICI,2/200,15,48319,2098,2025-05-07,-3.646126,40.439189
PEATON - BICI,2/200,15,48320,2098,2025-05-07,-3.646059,40.439181
PEATON - BICI,2/200,16,48357,2032,2025-04-30,-3.647708,40.493094
PEATON - BICI,2/200,16,48358,2032,2025-04-30,-3.647603,40.493151
PEATON - BICI,2/200,16,48847,2141,2012-08-31,-3.652229,40.496108
PEATON - BICI,2/200,16,48848,2141,2012-08-31,-3.652164,40.496168
PEATON - BICI,2/200,16,48849,2141,2012-08-31,-3.652092,40.496234
PEATON - BICI,2/200,16,48850,2141,2012-08-31,-3.652024,40.496296
PEATON - BICI,2/200,16,48868,4598,2007-10-19,-3.647455,40.485986
PEATON - BICI,2/200,16,48869,4598,2007-10-19,-3.647505,40.485890
PEATON - BICI,2/200,16,48871,4598,2007-10-19,-3.647745,40.485770
PEATON - BICI,2/200,16,48875,4740,2007-10-19,-3.646998,40.486206
PEATON - BICI,2/200,16,48876,4740,2007-10-19,-3.646895,40.486186
PEATON - BICI,2/200,16,48879,4740,2007-10-19,-3.646207,40.485997
PEATON - BICI,2/200,16,48880,4740,2007-10-19,-3.646112,40.485972
PEATON - BICI,2/200,16,48884,2033,2007-10-19,-3.646051,40.485499
PEATON - BICI,2/200,16,48885,2033,2007-10-19,-3.646119,40.485375
PEATON - BICI,2/200,15,48960,254,1967-10-27,-3.657887,40.435030
PEATON - BICI,2/200,15,48963,254,1967-10-27,-3.658114,40.434708
PEATON - BICI,2/200,10,49254,939,1980-01-02,-3.757852,40.397620
PEATON - BICI,2/200,10,49255,939,1980-01-02,-3.757868,40.397584
BICI,3/200,11,49403,647,1975-01-29,-3.721929,40.385285
PEATON - BICI,2/200,20,49518,1984,2007-02-27,-3.608095,40.434345
PEATON - BICI,2/200,2,49656,859,1978-01-01,-3.710033,40.399171
PEATON - BICI,2/200,2,49657,859,1978-01-01,-3.710019,40.399110
PEATON - BICI,2/200,16,49701,2156,2013-04-16,-3.656564,40.499162
PEATON - BICI,2/200,16,49702,2156,2013-04-16,-3.656628,40.499104
PEATON - BICI,2/200,16,49703,2156,2013-04-16,-3.656702,40.499035
PEATON - BICI,2/200,16,49704,2156,2013-04-16,-3.656767,40.498975
BICI,3/200,1,50280,116,2025-02-24,-3.708433,40.416063
BICI,3/200,1,50281,31,1960-01-01,-3.698261,40.418112
BICI,3/200,1,50282,30,1960-01-01,-3.697030,40.418499
BICI,3/100,1,50283,29,1960-01-01,-3.693849,40.419055
BICI,3/200,1,50284,29,1960-01-01,-3.694071,40.419058
PEATON - BICI,2/200,11,50555,1328,1992-07-23,-3.721852,40.373472
PEATON - BICI,2/200,11,50556,1328,1992-07-23,-3.721883,40.373455
BICI,2/200,11,50587,1913,2005-11-11,-3.743331,40.382381
PEATON - BICI,2/200,17,50613,1517,1998-02-18,-3.702626,40.358522
BICI,3/200,17,51051,783,2014-09-10,-3.693657,40.350806
PEATON - BICI,2/200,2,51387,2209,2015-02-17,-3.705563,40.397232
PEATON - BICI,2/200,2,51377,2208,2015-02-09,-3.717430,40.413062
PEATON - BICI,2/200,2,51376,2208,2015-02-09,-3.717439,40.413040
BICI,3/100,15,51445,1104,1985-06-14,-3.635362,40.423060
PEATON - BICI,2/200,17,51719,2223,2015-09-18,-3.681280,40.356305
PEATON - BICI,2/200,17,51720,2223,2015-09-18,-3.681341,40.356312
PEATON - BICI,2/200,17,51736,2222,2015-09-18,-3.681479,40.357044
PEATON - BICI,2/200,8,51853,843,2015-10-29,-3.740801,40.476631
PEATON - BICI,2/200,8,51854,843,2015-10-29,-3.740791,40.476652
BICI,3/200,1,52157,29,1960-01-01,-3.693919,40.419038
BICI,3/100,15,52378,1446,1996-01-26,-3.652427,40.425218
BICI,3/100,15,52379,665,1975-06-09,-3.650390,40.426615
BICI,3/100,15,52381,620,1974-05-13,-3.647867,40.427118
BICI,3/100,15,52382,722,1977-03-10,-3.656421,40.422286
BICI,3/100,15,52383,722,1977-03-10,-3.655930,40.422702
BICI,3/100,15,52388,1028,1981-09-27,-3.653761,40.424238
BICI,3/100,15,52389,629,1974-08-21,-3.651446,40.425880
BICI,3/100,15,52390,312,1968-07-11,-3.640488,40.441676
BICI,3/100,14,52391,2082,2009-09-12,-3.648988,40.412386
BICI,3/100,14,52394,1123,1986-06-03,-3.647544,40.412098
BICI,3/100,15,52380,665,1975-06-09,-3.649770,40.426826
BICI,2/200,10,52636,242,2014-11-06,-3.723906,40.413926
PEATON - BICI,2/200,16,53116,2263,2017-03-15,-3.655333,40.498067
PEATON - BICI,2/200,16,53117,2263,2017-03-15,-3.655129,40.498256
PEATON - BICI,2/200,16,53121,2263,2017-03-15,-3.655193,40.498195
PEATON - BICI,2/200,16,53122,2263,2017-03-15,-3.655263,40.498128
PEATON - BICI,2/200,16,53126,2262,2017-03-15,-3.657761,40.499566
PEATON - BICI,2/200,16,53127,2262,2017-03-15,-3.657722,40.499601
PEATON - BICI,2/200,16,53128,2262,2017-03-15,-3.657425,40.499741
PEATON - BICI,2/200,16,53129,2262,2017-03-15,-3.657462,40.499706
BICI,3/200,7,19041,480,2017-03-25,-3.699083,40.435619
BICI,3/200,7,53232,480,1971-11-30,-3.699157,40.435668
BICI,3/200,7,53234,247,1967-09-16,-3.699654,40.436810
BICI,3/200,7,53371,79,1960-01-01,-3.700294,40.438352
BICI,3/200,7,53341,1236,1990-10-31,-3.698249,40.433546
BICI,3/200,7,53342,1236,1990-10-31,-3.698205,40.433429
BICI,3/200,7,53343,476,1971-11-25,-3.698767,40.434684
BICI,3/200,7,53344,476,1971-11-25,-3.698912,40.435228
BICI,3/200,7,53366,251,1967-10-21,-3.697818,40.432665
BICI,3/200,7,53367,251,1967-10-21,-3.697595,40.432124
BICI,3/200,7,53370,247,1967-09-16,-3.699566,40.436619
BICI,3/200,7,19161,79,2017-05-10,-3.700439,40.438766
BICI,3/200,7,53374,79,1960-01-01,-3.700470,40.438769
BICI,3/200,1,53380,36,1967-04-24,-3.695952,40.428232
BICI,3/200,7,53407,234,1967-07-12,-3.696957,40.430717
BICI,3/200,7,53409,235,1967-07-12,-3.696591,40.429843
BICI,3/200,7,53414,235,1967-07-12,-3.696508,40.429635
BICI,3/200,7,53420,79,1960-01-01,-3.700274,40.438290
BICI,3/200,7,53422,472,1971-11-19,-3.700835,40.439549
BICI,3/200,7,53423,472,1971-11-19,-3.700756,40.439500
BICI,3/200,7,53424,472,1971-11-19,-3.701257,40.440528
BICI,3/200,7,19834,188,2017-06-02,-3.701766,40.441817
BICI,3/200,7,53439,188,1966-09-06,-3.701983,40.442267
BICI,3/200,7,53438,188,1966-09-06,-3.701926,40.442216
BICI,3/200,7,20931,279,2017-06-20,-3.703233,40.445231
BICI,3/200,7,53459,279,1968-01-09,-3.703423,40.445498
BICI,3/200,7,53461,281,1968-01-19,-3.702947,40.444415
BICI,3/200,7,53462,281,1968-01-19,-3.702829,40.444166
PEATON - BICI,2/200,7,53467,281,1968-01-19,-3.702932,40.444367
BICI,3/200,7,53469,280,1968-01-09,-3.702342,40.443066
BICI,3/200,7,53470,280,1968-01-09,-3.702452,40.443292
BICI,3/100,20,53489,663,1975-05-25,-3.628650,40.424034
BICI,3/100,15,53656,1104,1985-06-14,-3.632978,40.423154
BICI,3/200,11,53697,2272,2017-08-09,-3.719076,40.385260
BICI,3/200,11,53698,2272,2017-08-09,-3.720071,40.385268
BICI,3/200,11,53705,2272,2017-08-09,-3.720150,40.385269
PEATON - BICI,2/200,20,53793,2278,2017-09-16,-3.603392,40.437905
PEATON - BICI,2/200,20,53795,2278,2017-09-16,-3.603306,40.438013
BICI,3/200,11,53824,253,1967-10-26,-3.718261,40.385254
BICI,3/200,11,53825,647,1975-01-29,-3.722008,40.385289
BICI,3/200,11,53826,346,1969-04-12,-3.723780,40.385495
BICI,3/200,11,53828,598,1973-09-28,-3.729662,40.387267
BICI,3/200,11,53830,598,1973-09-28,-3.729235,40.386988
BICI,3/200,11,53834,320,1968-09-16,-3.727755,40.386339
BICI,3/200,11,53838,128,1964-11-23,-3.726077,40.385830
BICI,3/200,11,53839,128,1964-11-23,-3.726155,40.385847
BICI,3/200,11,53841,128,1964-11-23,-3.725795,40.385791
BICI,3/200,1,54146,36,1960-01-01,-3.695925,40.428169
PEATON - BICI,2/200,8,54282,2238,2018-04-25,-3.725604,40.493147
PEATON - BICI,2/200,8,54283,2238,2018-04-25,-3.725507,40.493233
BICI,3/100,15,54490,2057,2008-08-27,-3.648416,40.437203
BICI,3/200,1,54492,39,2018-07-12,-3.711144,40.423138
PEATON - BICI,2/200,13,54657,4531,2018-10-23,-3.655753,40.375223
PEATON - BICI,2/200,13,54658,4531,2018-10-23,-3.655711,40.375296
PEATON - BICI,2/200,13,54659,4531,2018-10-23,-3.655685,40.375342
PEATON - BICI,2/200,13,54660,4531,2018-10-23,-3.655730,40.375261
PEATON - BICI,2/200,18,54888,710,1976-09-20,-3.645356,40.369245
PEATON - BICI,2/200,18,54889,710,1976-09-20,-3.645272,40.369279
PEATON - BICI,2/200,18,54890,710,1976-09-20,-3.645136,40.369339
PEATON - BICI,2/200,18,54891,710,1976-09-20,-3.645051,40.369375
PEATON - BICI,2/200,4,54911,4545,1971-03-30,-3.668404,40.426805
PEATON - BICI,2/200,4,54912,4545,1971-03-30,-3.668677,40.426866
PEATON - BICI,2/200,4,54913,4545,1971-03-30,-3.668359,40.426793
PEATON - BICI,2/200,4,54914,4545,1971-03-30,-3.668635,40.426863
BICI,3/200,2,55002,2209,,-3.706965,40.397470
BICI,3/100,2,55003,2209,,-3.706868,40.397437
BICI,3/100,2,55053,4553,,-3.701986,40.395971
BICI,3/200,2,55054,4553,,-3.702085,40.395998
BICI,3/200,2,55055,859,,-3.711082,40.399586
BICI,3/100,2,55056,859,,-3.710984,40.399559
BICI,3/200,2,55057,859,,-3.711424,40.399707
PEATON - BICI,2/200,2,55081,1920,2019-02-26,-3.720670,40.404572
PEATON - BICI,2/200,2,55082,1920,2019-02-26,-3.720670,40.404612
BICI,3/200,2,55083,776,1978-01-01,-3.720568,40.404234
PEATON - BICI,2/200,2,55091,4554,1970-08-05,-3.696976,40.392447
PEATON - BICI,2/200,2,55092,4554,1970-08-05,-3.696955,40.392565
BICI,3/100,2,55098,413,1970-08-05,-3.698893,40.393762
BICI,3/200,2,55099,413,1970-08-05,-3.698644,40.393574
BICI,3/100,2,55103,413,1970-08-05,-3.698123,40.393212
BICI,3/100,2,55105,342,1969-02-17,-3.695637,40.391391
BICI,3/200,2,55106,342,1969-02-17,-3.695692,40.391442
BICI,3/100,2,56374,856,1978-01-01,-3.714984,40.400740
BICI,3/100,2,55130,856,1978-01-01,-3.713996,40.400419
BICI,3/200,1,55134,201,1966-11-14,-3.720925,40.414270
BICI,3/100,1,55135,201,1966-11-14,-3.720940,40.414268
PEATON - BICI,2/200,2,55136,342,,-3.695542,40.391514
PEATON - BICI,2/200,17,55150,4550,,-3.704054,40.356134
BICI,3/200,14,55379,4552,,-3.653773,40.410721
BICI,3/200,14,55391,4552,,-3.653856,40.410502
BICI,3/200,14,55400,642,,-3.652602,40.410510
BICI,3/200,14,55407,635,1974-11-11,-3.657974,40.410512
BICI,3/200,14,55409,4551,,-3.651064,40.410100
BICI,3/200,14,55417,4551,,-3.651185,40.409901
BICI,3/200,14,55420,570,,-3.650017,40.409555
BICI,3/200,14,55423,570,,-3.649567,40.409662
BICI,3/200,14,55425,570,,-3.649678,40.409458
PEATON - BICI,2/200,14,55434,599,1973-10-26,-3.655045,40.410687
PEATON - BICI,2/200,14,55436,599,1973-10-26,-3.655055,40.410608
PEATON - BICI,2/200,14,55437,599,1973-10-26,-3.655136,40.410722
BICI,3/200,14,55438,675,,-3.647579,40.408720
BICI,3/200,14,55446,675,,-3.647801,40.409061
BICI,3/200,14,55450,1344,,-3.643262,40.409048
PEATON - BICI,2/200,14,55468,676,,-3.645976,40.408337
PEATON - BICI,2/200,14,55469,676,,-3.645987,40.408273
PEATON - BICI,2/200,14,55470,676,,-3.646116,40.408096
PEATON - BICI,2/200,1,55518,31,1960-01-01,-3.698384,40.418290
PEATON - BICI,2/200,12,55541,4568,,-3.702768,40.373306
PEATON - BICI,2/200,12,55542,4568,,-3.702626,40.373286
PEATON - BICI,2/200,6,55674,109,2019-11-18,-3.690802,40.459072
PEATON - BICI,2/200,6,55675,109,2020-05-04,-3.690800,40.459107
PEATON - BICI,2/200,1,55691,31,,-3.698326,40.418201
PEATON - BICI,2/200,20,56030,10025,,-3.601894,40.430890
PEATON - BICI,2/200,20,56031,10025,,-3.602012,40.430875
BICI,3/200,2,56315,776,1978-01-01,-3.720475,40.403784
BICI,3/100,2,56316,776,1978-01-01,-3.720565,40.403906
BICI,3/200,2,56317,776,1978-01-01,-3.720673,40.403873
BICI,3/200,2,56318,776,1978-01-01,-3.720150,40.403949
BICI,3/200,2,56319,776,1978-01-01,-3.720075,40.403997
BICI,3/100,2,56320,776,1978-01-01,-3.720525,40.404152
BICI,3/100,2,56331,1839,2004-09-03,-3.716977,40.401223
BICI,3/200,2,56332,1839,2004-09-03,-3.716481,40.401074
BICI,3/200,2,56370,1839,2004-09-03,-3.716844,40.401174
BICI,3/100,2,56373,1839,2004-09-03,-3.717050,40.401245
BICI,3/200,2,55129,856,1978-01-01,-3.714097,40.400422
PEATON - BICI,2/200,9,56383,418,2020-11-19,-3.726659,40.441816
PEATON - BICI,2/200,9,56385,418,2020-11-19,-3.726654,40.441783
PEATON - BICI,2/200,2,56391,775,,-3.716480,40.404356
BICI,3/200,2,56395,775,,-3.716519,40.404338
BICI,3/200,2,56396,775,,-3.716497,40.404376
PEATON - BICI,2/200,2,56516,776,,-3.720412,40.403881
BICI,3/200,2,56519,1875,,-3.718984,40.404071
BICI,3/200,2,56521,1875,,-3.718912,40.404120
BICI,3/200,2,56527,1875,,-3.718578,40.404157
BICI,3/200,2,56532,1875,,-3.718654,40.404108
PEATON - BICI,2/200,2,56537,4602,,-3.717475,40.404207
PEATON - BICI,2/200,2,56538,4602,,-3.717429,40.404212
BICI,3/200,2,56546,4602,,-3.717569,40.404262
BICI,3/200,2,56547,4602,,-3.717643,40.404216
BICI,3/200,2,56548,4602,,-3.717270,40.404256
BICI,3/200,2,56553,4602,,-3.717195,40.404305
BICI,3/100,2,56791,342,1969-02-17,-3.695664,40.391145
BICI,3/200,9,56797,100,1962-02-27,-3.711605,40.424342
PEATON - BICI,2/200,9,56903,4588,,-3.714112,40.421412
PEATON - BICI,2/200,18,57002,1797,,-3.604040,40.375369
PEATON - BICI,2/200,18,57003,1797,,-3.603891,40.375364
BICI,3/200,1,57152,510,1972-05-25,-3.712916,40.421865
BICI,3/200,9,57211,4601,2025-01-22,-3.714794,40.423631
PEATON - BICI,2/200,9,57213,4601,,-3.714956,40.423479
PEATON - BICI,2/200,9,57214,4601,,-3.714947,40.423594
BICI,3/200,1,57215,39,1960-01-01,-3.710694,40.423383
PEATON - BICI,2/200,1,57218,39,1960-01-01,-3.710740,40.423402
PEATON - BICI,2/200,4,57228,4649,,-3.686446,40.434037
PEATON - BICI,2/200,4,57245,4649,,-3.686535,40.434049
PEATON - BICI,2/200,5,57303,403,1970-06-19,-3.679487,40.439201
PEATON - BICI,2/200,5,57304,403,1970-06-19,-3.679457,40.439214
PEATON - BICI,2/200,5,57306,403,2020-09-30,-3.679341,40.439287
BICI,3/200,5,57309,403,2020-09-30,-3.679531,40.439215
BICI,3/200,5,57315,403,2020-09-30,-3.679182,40.439338
BICI,3/200,5,57343,403,1970-06-19,-3.679214,40.438934
BICI,3/200,5,57367,400,1970-06-04,-3.680771,40.440867
BICI,3/200,5,57378,400,1970-06-04,-3.680397,40.440044
BICI,3/200,5,57379,400,1970-06-04,-3.681054,40.440672
BICI,3/200,5,57418,400,1970-06-04,-3.680632,40.440275
BICI,3/200,5,57430,400,1970-06-04,-3.680111,40.440231
BICI,3/200,5,57433,400,1970-06-04,-3.680527,40.440637
BICI,3/200,5,57482,4655,,-3.681556,40.441614
BICI,3/200,5,57457,166,,-3.683131,40.442662
BICI,3/200,5,57458,166,1966-03-21,-3.682829,40.442835
BICI,3/200,5,57470,166,1966-03-21,-3.682548,40.442104
BICI,3/200,5,57472,166,1966-03-21,-3.682255,40.442283
BICI,3/200,5,57474,166,1966-03-21,-3.682480,40.442474
BICI,3/200,1,57590,30,1960-01-01,-3.696354,40.418661
BICI,3/200,1,57593,30,1960-01-01,-3.696475,40.418590
BICI,3/200,1,57598,30,1960-01-01,-3.697088,40.418435
BICI,3/200,13,57620,4652,1981-02-05,-3.622570,40.389428
BICI,3/200,13,57621,4652,1981-02-05,-3.622636,40.389392
PEATON - BICI,2/200,5,57628,4654,1966-03-21,-3.683723,40.443489
PEATON - BICI,2/200,5,57635,4654,1966-03-21,-3.683856,40.443410
BICI,3/100,1,57796,28,,-3.695359,40.418865
BICI,3/200,6,57870,795,2015-02-18,-3.699247,40.452495
BICI,3/200,6,57871,795,2015-02-18,-3.699165,40.452536
PEATON - BICI,2/200,6,57904,4690,1963-12-30,-3.691104,40.449949
PEATON - BICI,2/200,6,57940,111,2014-08-31,-3.689825,40.456090
BICI,3/100,6,57942,111,2014-08-31,-3.689794,40.456228
PEATON - BICI,2/200,6,57948,111,2014-08-31,-3.690633,40.456348
PEATON - BICI,2/200,6,57950,111,2014-08-31,-3.690615,40.455864
PEATON - BICI,2/200,17,57961,4713,,-3.700317,40.361992
PEATON - BICI,2/200,17,57962,4713,,-3.700309,40.362010
PEATON - BICI,2/200,17,57968,4714,,-3.701112,40.360891
PEATON - BICI,2/200,17,57982,4723,,-3.702058,40.359238
PEATON - BICI,2/200,17,57983,4723,,-3.702093,40.359196
PEATON - BICI,2/200,17,58032,4716,,-3.703208,40.357608
PEATON - BICI,2/200,17,58033,4716,,-3.703075,40.357664
PEATON - BICI,2/200,17,58034,4716,,-3.703047,40.357705
PEATON - BICI,2/200,6,58042,4693,1963-12-30,-3.690299,40.460733
PEATON - BICI,2/200,17,58052,4720,,-3.704801,40.354535
PEATON - BICI,2/200,17,58053,4720,,-3.704790,40.354587
PEATON - BICI,2/200,17,58067,4721,,-3.705097,40.353792
PEATON - BICI,2/200,6,58108,108,,-3.690026,40.463578
BICI,3/200,6,58114,4667,1968-05-27,-3.698511,40.452494
BICI,3/200,6,58115,4667,1968-05-27,-3.698683,40.452458
BICI,3/200,3,58127,318,2018-04-23,-3.673052,40.402957
BICI,3/200,3,58128,318,2018-04-23,-3.672982,40.403092
BICI,3/200,3,58129,318,2018-04-23,-3.672844,40.403186
BICI,3/200,3,58135,318,2018-04-23,-3.672791,40.403313
PEATON - BICI,2/200,5,58160,4692,2020-05-04,-3.689316,40.460412
BICI,3/200,3,58162,303,,-3.671856,40.404341
BICI,3/200,3,58163,303,,-3.671862,40.404272
BICI,3/200,6,58182,305,2015-02-19,-3.696480,40.452322
BICI,3/200,6,58183,305,2015-02-19,-3.696318,40.452358
BICI,3/200,6,58186,305,1968-05-27,-3.697243,40.452366
BICI,3/200,6,58187,305,2015-02-19,-3.697061,40.452402
BICI,3/200,6,58190,59,1960-01-01,-3.691563,40.446416
BICI,3/200,6,58191,59,1960-01-01,-3.691759,40.446433
BICI,3/200,6,58203,110,1963-12-30,-3.690270,40.451608
BICI,3/200,6,58204,110,1963-12-30,-3.690106,40.451775
PEATON - BICI,2/200,6,58207,110,1963-12-30,-3.690618,40.452666
PEATON - BICI,2/200,6,58208,110,1963-12-30,-3.690663,40.452668
PEATON - BICI,2/200,6,58209,110,1963-12-30,-3.690756,40.451528
PEATON - BICI,2/200,6,58210,110,1963-12-30,-3.690711,40.451526
BICI,3/200,6,58212,110,1963-12-30,-3.690982,40.452647
BICI,3/200,6,58213,110,1963-12-30,-3.691153,40.452516
BICI,3/200,6,58215,110,1963-12-30,-3.691579,40.452037
BICI,3/200,6,58216,110,2019-09-05,-3.691494,40.452042
PEATON - BICI,2/200,6,58217,110,2019-09-05,-3.691467,40.452036
PEATON - BICI,2/200,6,58218,110,1963-12-30,-3.691468,40.452060
BICI,3/200,6,58219,794,2014-11-24,-3.692926,40.452110
BICI,3/200,6,58224,794,2014-11-24,-3.692744,40.452142
BICI,3/200,7,58231,247,2017-03-25,-3.699627,40.436861
BICI,3/200,7,58235,247,1967-09-16,-3.699705,40.436909
BICI,3/200,6,58253,109,1963-12-30,-3.689594,40.458560
BICI,3/200,6,58254,109,1963-12-30,-3.689429,40.458707
PEATON - BICI,2/200,6,58257,109,2020-05-04,-3.690055,40.458476
PEATON - BICI,2/200,6,58258,109,2020-05-04,-3.690100,40.458478
PEATON - BICI,2/200,6,58267,109,1963-12-30,-3.689984,40.459614
PEATON - BICI,2/200,6,58268,109,1963-12-30,-3.689938,40.459612
BICI,3/200,6,58269,109,2020-05-04,-3.690306,40.459583
BICI,3/200,6,58270,109,2020-05-04,-3.690381,40.459522
PEATON - BICI,2/200,16,58275,4598,2007-10-19,-3.647697,40.485866
BICI,3/100,6,58330,306,2014-12-04,-3.695125,40.452253
BICI,3/200,6,58338,4668,2014-12-04,-3.694018,40.452219
BICI,3/200,6,58339,4668,2014-12-04,-3.694106,40.452178
BICI,3/200,1,58382,29,2023-03-17,-3.693806,40.419256
BICI,3/200,3,58395,106,,-3.674881,40.401038
PEATON - BICI,2/200,3,58400,106,,-3.674662,40.401130
PEATON - BICI,2/200,3,58401,106,,-3.674636,40.401158
BICI,3/200,3,58405,106,,-3.674484,40.401468
BICI,3/200,3,58412,4724,,-3.671085,40.405130
BICI,3/200,3,58413,4724,,-3.671036,40.405247
PEATON - BICI,2/200,3,58420,4724,,-3.670854,40.405378
PEATON - BICI,2/200,3,58421,4724,,-3.670839,40.405395
BICI,3/200,3,58432,4725,,-3.673893,40.402052
BICI,3/200,3,58433,4725,,-3.673888,40.402126
PEATON - BICI,2/200,3,58439,4725,,-3.674074,40.402337
PEATON - BICI,2/200,3,58440,4725,,-3.673769,40.402178
PEATON - BICI,2/200,3,58441,4725,,-3.673743,40.402205
PEATON - BICI,2/200,3,58442,4725,,-3.673934,40.402112
PEATON - BICI,2/200,3,58444,4725,,-3.674042,40.402170
PEATON - BICI,2/200,3,58445,4725,,-3.674106,40.402204
PEATON - BICI,2/200,3,58446,4725,,-3.674004,40.402151
PEATON - BICI,2/200,3,58447,4725,,-3.673898,40.402092
BICI,3/200,6,58468,108,2023-04-14,-3.689279,40.461795
BICI,3/100,6,58470,108,2023-04-14,-3.690048,40.462229
BICI,3/200,3,58478,144,,-3.670897,40.406636
BICI,3/200,3,58480,144,,-3.670781,40.406559
BICI,3/200,3,58481,144,,-3.670454,40.406493
BICI,3/200,3,58483,144,,-3.670281,40.406021
BICI,3/100,3,58486,144,,-3.670264,40.406074
BICI,3/100,6,58487,111,,-3.689831,40.455846
BICI,3/200,6,58501,795,2015-02-18,-3.699292,40.452503
BICI,3/200,2,58506,543,,-3.679640,40.395778
BICI,3/200,2,58507,543,,-3.679623,40.395842
BICI,3/200,2,58523,4746,,-3.677781,40.396363
BICI,3/200,2,58527,4746,,-3.677888,40.396285
PEATON - BICI,2/200,16,58536,4598,2007-10-19,-3.647707,40.485846
PEATON - BICI,2/200,16,58549,4598,2007-10-19,-3.647476,40.485950
PEATON - BICI,2/200,16,58550,4598,2007-10-19,-3.647496,40.485907
PEATON - BICI,2/200,16,58774,1930,2006-03-01,-3.650819,40.486965
PEATON - BICI,2/200,16,58775,1930,2006-03-01,-3.650797,40.487006
PEATON - BICI,2/200,16,58788,1930,2006-03-01,-3.650993,40.486894
PEATON - BICI,2/200,16,58789,1930,2006-03-01,-3.651016,40.486851
PEATON - BICI,2/200,16,58871,4598,2007-10-19,-3.647730,40.485803
PEATON - BICI,2/200,16,58894,1936,2006-03-08,-3.657733,40.494126
PEATON - BICI,2/200,16,58895,1936,2006-03-08,-3.657759,40.494142
PEATON - BICI,2/200,16,58899,1931,2006-03-01,-3.654548,40.497869
PEATON - BICI,2/200,16,58901,1931,2006-03-01,-3.654587,40.497832
PEATON - BICI,2/200,3,58936,144,2023-06-15,-3.670429,40.406138
PEATON - BICI,2/200,3,58937,144,2023-06-15,-3.670392,40.406118
BICI,3/100,3,58950,4725,2023-03-15,-3.673870,40.402107
PEATON - BICI,2/200,16,59067,2262,2017-03-15,-3.657685,40.499635
PEATON - BICI,2/200,16,59068,2262,2017-03-15,-3.657670,40.499649
PEATON - BICI,2/200,16,59069,2262,2017-03-15,-3.657515,40.499657
PEATON - BICI,2/200,16,59070,2262,2017-03-15,-3.657500,40.499673
BICI,3/100,6,59093,111,2023-09-12,-3.690642,40.456467
BICI,3/100,6,59103,108,2023-09-12,-3.690088,40.462056
BICI,3/200,8,59116,988,,-3.712224,40.480189
PEATON - BICI,2/200,8,59119,988,,-3.712329,40.480139
BICI,3/200,8,59121,1083,2020-05-04,-3.705754,40.481488
BICI,3/200,8,59122,1083,2020-05-04,-3.705661,40.481543
BICI,3/200,8,59124,1083,2020-05-04,-3.704462,40.481772
BICI,3/200,8,59125,1083,2020-05-04,-3.704381,40.481838
PEATON - BICI,2/200,11,59141,2193,,-3.750046,40.362558
PEATON - BICI,2/200,11,59144,2194,,-3.745973,40.363441
BICI,3/200,8,59151,1172,2020-05-11,-3.699518,40.483588
BICI,3/200,8,59152,1172,2020-05-11,-3.699607,40.483524
PEATON - BICI,2/200,8,59153,1172,2020-05-11,-3.699549,40.483555
PEATON - BICI,2/200,8,59154,1172,2020-05-11,-3.699553,40.483559
PEATON - BICI,2/200,17,59189,1765,,-3.692999,40.345546
PEATON - BICI,2/200,17,59190,1765,,-3.692938,40.345543
BICI,3/200,17,59194,1765,,-3.693532,40.345668
BICI,3/200,17,59200,1765,,-3.692372,40.345864
PEATON - BICI,2/200,17,59204,1764,,-3.705018,40.341290
PEATON - BICI,2/200,17,59206,1764,,-3.705009,40.340956
PEATON - BICI,2/200,17,59210,1766,,-3.706739,40.340941
PEATON - BICI,2/200,17,59214,1766,,-3.706548,40.340873
BICI,3/200,17,59215,1778,,-3.683563,40.354554
BICI,3/200,17,59216,2222,,-3.681289,40.356776
PEATON - BICI,2/200,16,59339,4792,2023-10-27,-3.623893,40.495732
PEATON - BICI,2/200,16,59340,4792,2023-10-27,-3.623795,40.495732
PEATON - BICI,2/200,16,59341,4792,2023-10-27,-3.623750,40.495732
PEATON - BICI,2/200,16,59344,4792,2023-10-27,-3.623652,40.495733
PEATON - BICI,2/200,16,59365,4792,2023-10-27,-3.623647,40.495278
PEATON - BICI,2/200,16,59366,4792,2023-10-27,-3.623746,40.495278
PEATON - BICI,2/200,16,59369,4792,2023-10-27,-3.623793,40.495278
PEATON - BICI,2/200,16,59370,4792,2023-10-27,-3.623889,40.495278
PEATON - BICI,2/200,16,59430,4790,2023-10-27,-3.620056,40.495732
PEATON - BICI,2/200,16,59448,4790,2023-10-27,-3.619908,40.495310
PEATON - BICI,2/200,16,59489,4788,2023-10-27,-3.616537,40.495672
PEATON - BICI,2/200,16,59490,4788,2023-10-27,-3.616535,40.495606
PEATON - BICI,2/200,16,59491,4788,2023-10-27,-3.616536,40.495572
PEATON - BICI,2/200,16,59498,4788,2023-10-27,-3.616535,40.495516
PEATON - BICI,2/200,16,59499,4788,2023-10-27,-3.616535,40.495481
PEATON - BICI,2/200,16,59504,4788,2023-10-27,-3.616535,40.495412
PEATON - BICI,2/200,16,59515,4788,2023-10-27,-3.615831,40.495417
PEATON - BICI,2/200,16,59516,4788,2023-10-27,-3.615832,40.495486
PEATON - BICI,2/200,16,59519,4788,2023-10-27,-3.615832,40.495520
PEATON - BICI,2/200,16,59520,4788,2023-10-27,-3.615832,40.495576
PEATON - BICI,2/200,16,59521,4788,2023-10-27,-3.615833,40.495610
PEATON - BICI,2/200,16,59526,4788,2023-10-27,-3.615832,40.495681
PEATON - BICI,2/200,16,59549,4786,2023-10-27,-3.612467,40.495588
PEATON - BICI,2/200,16,59570,4786,2023-10-27,-3.612393,40.495097
PEATON - BICI,2/200,16,59611,4784,2023-10-27,-3.609016,40.495054
PEATON - BICI,2/200,16,59612,4784,2023-10-27,-3.609016,40.494989
PEATON - BICI,2/200,16,59613,4784,2023-10-27,-3.609015,40.494953
PEATON - BICI,2/200,16,59616,4784,2023-10-27,-3.609014,40.494896
PEATON - BICI,2/200,16,59617,4784,2023-10-27,-3.609015,40.494861
PEATON - BICI,2/200,16,59622,4784,2023-10-27,-3.609013,40.494793
PEATON - BICI,2/200,16,59629,4784,2023-10-27,-3.608332,40.494584
PEATON - BICI,2/200,16,59630,4784,2023-10-27,-3.608428,40.494585
PEATON - BICI,2/200,16,59631,4784,2023-10-27,-3.608473,40.494584
PEATON - BICI,2/200,16,59636,4784,2023-10-27,-3.608546,40.494583
PEATON - BICI,2/200,16,59637,4784,2023-10-27,-3.608606,40.494584
PEATON - BICI,2/200,16,59638,4784,2023-10-27,-3.608698,40.494584
PEATON - BICI,2/200,16,59768,4778,2023-10-27,-3.608639,40.487874
PEATON - BICI,2/200,16,59770,4778,2023-10-27,-3.608544,40.487874
PEATON - BICI,2/200,16,59773,4778,2023-10-27,-3.608461,40.487874
PEATON - BICI,2/200,16,59774,4778,2023-10-27,-3.608407,40.487874
PEATON - BICI,2/200,16,59779,4778,2023-10-27,-3.608361,40.487875
PEATON - BICI,2/200,16,59780,4778,2023-10-27,-3.608274,40.487874
PEATON - BICI,2/200,16,59795,4778,2023-10-27,-3.608633,40.487302
PEATON - BICI,2/200,16,59796,4778,2023-10-27,-3.608540,40.487302
PEATON - BICI,2/200,16,59799,4778,2023-10-27,-3.608456,40.487304
PEATON - BICI,2/200,16,59800,4778,2023-10-27,-3.608401,40.487303
PEATON - BICI,2/200,16,59801,4778,2023-10-27,-3.608354,40.487305
PEATON - BICI,2/200,16,59806,4778,2023-10-27,-3.608265,40.487305
PEATON - BICI,2/200,21,59888,4828,2023-10-27,-3.617190,40.482599
PEATON - BICI,2/200,21,59889,4828,2023-10-27,-3.617189,40.482523
BICI,3/200,21,59895,4828,2023-10-27,-3.616848,40.482502
BICI,3/200,21,59899,4828,2023-10-27,-3.616974,40.482465
PEATON - BICI,2/200,21,59955,4831,2023-10-27,-3.614531,40.482148
PEATON - BICI,2/200,21,59956,4831,2023-10-27,-3.614531,40.482166
PEATON - BICI,2/200,21,59957,4831,2023-10-27,-3.614533,40.482202
PEATON - BICI,2/200,21,59958,4831,2023-10-27,-3.614532,40.482269
PEATON - BICI,2/200,21,59959,4831,2023-10-27,-3.614534,40.482304
PEATON - BICI,2/200,21,59960,4831,2023-10-27,-3.614536,40.482375
PEATON - BICI,2/200,21,59961,4831,2023-10-27,-3.614534,40.482410
PEATON - BICI,2/200,21,59962,4831,2023-10-27,-3.614536,40.482425
PEATON - BICI,2/200,21,59983,4829,2023-10-27,-3.609437,40.481982
PEATON - BICI,2/200,21,59985,4829,2023-10-27,-3.609438,40.482064
BICI,3/200,21,59989,4829,2023-10-27,-3.609763,40.482083
BICI,3/200,21,59990,4829,2023-10-27,-3.609658,40.482138
BICI,3/200,8,60052,1172,2020-05-11,-3.699067,40.483437
BICI,3/100,8,60127,1172,2024-02-22,-3.699518,40.483575
PEATON - BICI,2/200,9,60231,748,2024-08-29,-3.715695,40.422538
BICI,3/200,9,60232,748,2024-08-29,-3.715680,40.422564
BICI,3/100,8,60243,1083,2024-09-24,-3.704437,40.481794
PEATON - BICI,2/200,4,60313,270,2024-10-28,-3.687437,40.426518
BICI,3/200,2,60527,4834,2024-12-19,-3.722292,40.403695
BICI,3/200,2,60532,4834,2024-12-19,-3.722187,40.403730
PEATON - BICI,2/200,18,60554,4805,2025-01-02,-3.654686,40.367189
PEATON - BICI,2/200,18,60555,4805,2025-01-02,-3.654668,40.367135
PEATON - BICI,2/200,18,60556,4805,2025-01-02,-3.654590,40.367001
PEATON - BICI,2/200,18,60557,4805,2025-01-02,-3.654586,40.366955
PEATON - BICI,2/200,16,61021,4825,2025-04-10,-3.613264,40.487793
PEATON - BICI,2/200,16,61022,4825,2025-04-10,-3.613249,40.487785
PEATON - BICI,2/200,16,61025,4825,2025-04-10,-3.613086,40.487695
PEATON - BICI,2/200,16,61026,4825,2025-04-10,-3.613011,40.487653
PEATON - BICI,2/200,16,61029,4825,2025-04-10,-3.612972,40.487631
PEATON - BICI,2/200,16,61032,4825,2025-04-10,-3.612893,40.487588
PEATON - BICI,2/200,16,61034,4825,2025-04-10,-3.612835,40.487555
PEATON - BICI,2/200,16,61035,4825,2025-04-10,-3.612818,40.487545
PEATON - BICI,2/200,16,61039,4825,2025-04-10,-3.612422,40.487729
PEATON - BICI,2/200,16,61040,4825,2025-04-10,-3.612311,40.487844
PEATON - BICI,2/200,16,61050,4825,2025-04-10,-3.612702,40.488381
PEATON - BICI,2/200,16,61051,4825,2025-04-10,-3.612686,40.488372
PEATON - BICI,2/200,16,61055,4825,2025-04-10,-3.612527,40.488284
PEATON - BICI,2/200,16,61056,4825,2025-04-10,-3.612449,40.488241
PEATON - BICI,2/200,16,61059,4825,2025-04-10,-3.612335,40.488178
PEATON - BICI,2/200,16,61060,4825,2025-04-10,-3.612275,40.488144
PEATON - BICI,2/200,16,61061,4825,2025-04-10,-3.612259,40.488135
PEATON - BICI,2/200,16,61064,4825,2025-04-10,-3.612411,40.488219
PEATON - BICI,2/200,17,61140,4713,,-3.700316,40.361992
PEATON - BICI,2/200,17,61141,4722,,-3.705322,40.351900
PEATON - BICI,2/200,17,61142,4722,,-3.705337,40.352789
PEATON - BICI,2/200,2,39732,463,2025-05-28,-3.711039,40.402435
PEATON - BICI,2/200,13,61180,1603,2025-05-07,-3.630225,40.382895
PEATON - BICI,2/200,13,61181,1603,2025-05-07,-3.630180,40.382892
PEATON - BICI,2/200,13,61182,1603,2025-05-07,-3.630126,40.382891
PEATON - BICI,2/200,2,39733,463,2025-05-28,-3.711214,40.402486
PEATON - BICI,2/200,20,48128,1156,1987-11-13,-3.623165,40.418446
PEATON - BICI,2/200,20,48134,1156,1987-11-13,-3.623894,40.418183
PEATON - BICI,2/200,20,48139,1156,1987-11-13,-3.624376,40.417799
PEATON - BICI,2/200,16,28797,1267,1991-05-21,-3.616856,40.458683
PEATON - BICI,2/200,16,28798,1267,1991-05-21,-3.617060,40.458690
BICI,3/200,5,56988,166,,-3.682886,40.442456
PEATON - BICI,2/200,9,54584,573,1973-06-08,-3.736734,40.434103
PEATON - BICI,2/200,9,54585,573,1973-06-08,-3.736691,40.434144
BICI,3/200,9,57244,4601,,-3.714907,40.423679
